FullStreetName,file,n_points,n_inlets,n_sags,n_served,n_unserved,length_m,kb
ISABEL AV,ISABEL_AV.html,8177,252,11,7,4,8135.8,466.4
HANSEN RD,HANSEN_RD.html,3033,136,1,1,0,3258.2,202.6
CONCANNON BL,CONCANNON_BL.html,5677,115,9,8,1,5654.6,329.1
RRX,RRX.html,20283,93,11,0,11,28130.2,957.5
PORTOLA AV,PORTOLA_AV.html,4925,88,2,2,0,5649.6,282.7
SOUTHFRONT RD,SOUTHFRONT_RD.html,4610,83,6,4,2,4722.1,272.0
UNNAMED,UNNAMED.html,18427,75,29,7,22,63049.6,890.7
FIRST ST,FIRST_ST.html,6184,71,9,2,7,13218.8,342.4
HELIGAN LN,HELIGAN_LN.html,815,69,0,0,0,803.0,84.8
PATTERSON PASS RD,PATTERSON_PASS_RD.html,4188,68,7,6,1,4177.0,248.8
LAS POSITAS RD,LAS_POSITAS_RD.html,6903,67,11,8,3,7623.1,376.7
W JACK LONDON BL,W_JACK_LONDON_BL.html,4037,66,5,3,2,4034.5,245.7
TRANQUILITY CI,TRANQUILITY_CI.html,861,60,1,1,0,855.8,92.9
FORGET ME NOT CM,FORGET_ME_NOT_CM.html,659,57,1,1,0,657.0,81.8
STOCKTON LP,STOCKTON_LP.html,921,56,1,1,0,910.8,93.4
SANTORINA DR,SANTORINA_DR.html,611,53,0,0,0,606.9,73.4
BRISA ST,BRISA_ST.html,1946,52,2,2,0,1940.8,140.3
CHARLOTTE WY,CHARLOTTE_WY.html,3413,50,8,6,2,3389.8,214.7
ARROYO RD,ARROYO_RD.html,3009,48,4,3,1,2989.8,192.5
I580 WB,I580_WB.html,8888,47,5,4,1,12864.5,457.2
HOLMES ST,HOLMES_ST.html,3421,47,7,6,1,3390.0,212.3
S VASCO RD,S_VASCO_RD.html,5069,46,9,5,4,5031.8,287.7
DISCOVERY DR,DISCOVERY_DR.html,1308,45,3,3,0,1303.9,110.8
PRESTON AV,PRESTON_AV.html,2196,43,1,1,0,2771.1,150.9
COWAN WY,COWAN_WY.html,642,43,1,1,0,639.8,79.7
SELBY LN,SELBY_LN.html,654,43,0,0,0,690.9,74.5
SCENIC AV,SCENIC_AV.html,2608,41,1,1,0,2588.8,165.0
PERSIMMON CM,PERSIMMON_CM.html,436,40,0,0,0,433.2,63.6
KELLOGG LP,KELLOGG_LP.html,519,40,0,0,0,514.4,67.3
RIVERS BEND CI,RIVERS_BEND_CI.html,1157,39,2,2,0,1150.3,103.6
DOVECOTE LN,DOVECOTE_LN.html,550,38,0,0,0,546.3,68.5
I580 EB,I580_EB.html,8643,36,4,2,2,12851.3,445.5
EAST AV,EAST_AV.html,6067,35,0,0,0,6036.4,310.6
MINES RD,MINES_RD.html,1673,35,1,1,0,1662.9,127.9
NATIONAL DR,NATIONAL_DR.html,1748,35,1,1,0,1743.4,130.5
MURDELL LN,MURDELL_LN.html,2563,35,4,4,0,2536.3,164.5
N VASCO RD,N_VASCO_RD.html,1969,35,7,5,2,1952.1,145.4
LOMITAS AV,LOMITAS_AV.html,1483,35,1,1,0,1466.9,119.0
BLUEBELL DR,BLUEBELL_DR.html,2796,34,5,4,1,2773.7,188.9
GARAVENTA RANCH RD,GARAVENTA_RANCH_RD.html,1140,33,1,1,0,1128.5,101.1
SANDALWOOD DR,SANDALWOOD_DR.html,346,33,0,0,0,343.6,58.5
CENTRAL AV,CENTRAL_AV.html,1014,33,2,2,0,1004.3,93.8
COOPER CI,COOPER_CI.html,382,32,0,0,0,380.4,59.5
GREENVILLE RD,GREENVILLE_RD.html,3285,32,2,1,1,3718.3,204.6
ROBERTSON PARK RD,ROBERTSON_PARK_RD.html,1941,32,2,1,1,1940.3,144.4
OLD OAK RD,OLD_OAK_RD.html,1716,32,2,2,0,1705.4,127.7
N MURRIETA BL,N_MURRIETA_BL.html,2415,31,2,2,0,2396.4,159.3
S LIVERMORE AV,S_LIVERMORE_AV.html,2373,31,0,0,0,2351.4,152.7
NORMANDY CI,NORMANDY_CI.html,962,31,0,0,0,952.2,86.4
TIFFANY CM,TIFFANY_CM.html,638,31,0,0,0,619.7,64.6
REES CI,REES_CI.html,391,30,1,1,0,388.5,65.7
N MINES RD,N_MINES_RD.html,1862,30,3,2,1,1857.6,144.1
FLORA CM,FLORA_CM.html,237,30,1,1,0,234.7,59.0
LEXINGTON WY,LEXINGTON_WY.html,1355,30,1,1,0,1340.9,111.8
STAGHORN WY,STAGHORN_WY.html,397,29,1,1,0,390.8,59.3
BASSWOOD CM,BASSWOOD_CM.html,342,29,0,0,0,339.9,57.7
CAMDEN CM,CAMDEN_CM.html,280,29,0,0,0,278.1,54.8
WHITE CRANE CI,WHITE_CRANE_CI.html,408,28,0,0,0,405.9,60.5
DECKER LN,DECKER_LN.html,599,27,1,0,1,595.0,75.4
RAILROAD AV,RAILROAD_AV.html,1451,26,0,0,0,1514.5,109.1
COLE CM,COLE_CM.html,168,26,0,0,0,165.4,49.2
ELDER CI,ELDER_CI.html,460,26,0,0,0,460.1,62.5
ACCESS ROAD,ACCESS_ROAD.html,3434,26,9,1,8,28829.1,210.8
LUCCA CI,LUCCA_CI.html,388,26,0,0,0,385.9,53.5
FENNEL WY,FENNEL_WY.html,494,26,1,1,0,487.9,70.8
SEDONA COMMON,SEDONA_COMMON.html,379,26,1,0,1,376.8,65.7
RHODODENDRON DR,RHODODENDRON_DR.html,1044,26,2,2,0,1030.1,96.5
N LIVERMORE AV,N_LIVERMORE_AV.html,2017,25,3,3,0,2148.5,142.9
MISSION LN,MISSION_LN.html,378,25,1,1,0,371.5,58.5
FLURRY DR,FLURRY_DR.html,706,25,2,2,0,854.3,81.1
E STANLEY BL,E_STANLEY_BL.html,3059,25,4,1,3,3054.7,196.1
SONIA ST,SONIA_ST.html,553,25,1,1,0,549.7,73.7
CHATEAU WY,CHATEAU_WY.html,1265,24,0,0,0,1258.8,98.8
CALDEIRA DR,CALDEIRA_DR.html,613,24,1,1,0,608.5,76.2
TARRAGONA DR,TARRAGONA_DR.html,301,24,0,0,0,298.9,55.4
FLAGG LN,FLAGG_LN.html,245,23,0,0,0,242.7,52.2
SONIA WY,SONIA_WY.html,285,23,1,1,0,283.3,60.6
ALDEN LN,ALDEN_LN.html,1921,23,0,0,0,1916.7,118.1
FOURTH ST,FOURTH_ST.html,2855,23,1,1,0,7936.3,171.5
AIRWAY BL,AIRWAY_BL.html,1919,23,4,2,2,1907.0,143.6
TALINGA DR,TALINGA_DR.html,422,23,0,0,0,418.9,60.7
LAUGHLIN RD,LAUGHLIN_RD.html,1757,22,4,4,0,1744.0,127.2
WETMORE RD,WETMORE_RD.html,1577,22,2,1,1,1575.5,126.1
DRESSLAR CI,DRESSLAR_CI.html,458,22,0,0,0,458.0,61.8
SENGER ST,SENGER_ST.html,310,22,0,0,0,306.3,55.5
VETERANS WY,VETERANS_WY.html,254,22,0,0,0,253.4,59.3
OAKVILLE LN,OAKVILLE_LN.html,577,21,0,0,0,571.2,67.7
NORTHFRONT RD,NORTHFRONT_RD.html,2037,21,2,2,0,2032.0,141.4
E AIRWAY BL,E_AIRWAY_BL.html,2149,21,3,2,1,2144.6,154.3
VINTAGE LN,VINTAGE_LN.html,766,21,2,2,0,763.1,83.4
DANIELLE LN,DANIELLE_LN.html,310,21,1,1,0,309.2,61.9
ELSTON ST,ELSTON_ST.html,348,20,0,0,0,344.2,56.6
SAN VICENTE DR,SAN_VICENTE_DR.html,363,20,1,1,0,359.9,63.4
VILLAGE DR,VILLAGE_DR.html,496,20,1,1,0,491.0,63.3
BROADMOOR ST,BROADMOOR_ST.html,1123,20,2,2,0,1107.0,90.7
BURBANK AV,BURBANK_AV.html,182,20,0,0,0,179.1,49.1
MORNING GLORY CI,MORNING_GLORY_CI.html,410,19,0,0,0,408.6,59.9
SECOND ST,SECOND_ST.html,2251,19,1,1,0,7591.9,144.0
TRINITY HILLS LN,TRINITY_HILLS_LN.html,699,19,0,0,0,691.5,67.1
VALLECITOS RD,VALLECITOS_RD.html,495,19,1,1,0,492.5,70.9
CELLARS DR,CELLARS_DR.html,231,19,0,0,0,229.7,45.1
SUMMERTREE DR,SUMMERTREE_DR.html,1020,19,1,1,0,1013.9,88.2
COLLIER CANYON RD,COLLIER_CANYON_RD.html,1266,18,1,0,1,2773.1,105.7
TREADWELL ST,TREADWELL_ST.html,247,18,0,0,0,244.7,52.1
SPRINGTOWN BL,SPRINGTOWN_BL.html,2021,18,4,2,2,2005.6,140.6
LENNOX CT,LENNOX_CT.html,97,18,0,0,0,95.5,44.6
BERTOLLI DR,BERTOLLI_DR.html,237,18,0,0,0,234.2,51.5
TOLENTINO CT,TOLENTINO_CT.html,104,17,0,0,0,102.9,45.3
HIGHLAND ST,HIGHLAND_ST.html,852,17,2,2,0,839.6,82.0
LAGISS DR,LAGISS_DR.html,422,17,1,1,0,419.7,60.4
SEVILLANO CI,SEVILLANO_CI.html,260,17,0,0,0,270.0,46.6
GABRIELLA LN,GABRIELLA_LN.html,158,17,0,0,0,156.9,47.5
FELICIA AV,FELICIA_AV.html,1378,17,0,0,0,1370.7,97.8
N P ST,N_P_ST.html,1544,17,2,2,0,1523.4,118.7
NORMANDY WY,NORMANDY_WY.html,472,17,1,1,0,463.8,62.0
FREDERICK MICHAEL WY,FREDERICK_MICHAEL_WY.html,369,17,0,0,0,366.9,58.1
BRIANA ST,BRIANA_ST.html,173,16,0,0,0,172.1,47.9
MONTAGE DR,MONTAGE_DR.html,167,16,0,0,0,164.6,48.4
VERDALA DR,VERDALA_DR.html,245,16,1,1,0,242.6,58.2
NORTH CANYONS PW,NORTH_CANYONS_PW.html,1686,16,1,1,0,1683.1,126.8
OBSIDIAN WY,OBSIDIAN_WY.html,401,16,0,0,0,394.5,52.1
EDINBURGH DR,EDINBURGH_DR.html,877,16,0,0,0,866.1,82.3
LONGARD RD,LONGARD_RD.html,601,16,1,1,0,600.3,75.0
EL CAMINITO,EL_CAMINITO.html,2151,16,2,2,0,2138.7,138.8
ALTAIR AV,ALTAIR_AV.html,532,15,0,0,0,526.4,63.6
FIFTH ST,FIFTH_ST.html,2123,15,1,0,1,6294.6,138.0
CHARDONNAY WY,CHARDONNAY_WY.html,583,15,2,2,0,578.2,72.7
BESS AV,BESS_AV.html,691,15,1,1,0,690.5,78.2
S L ST,S_L_ST.html,1230,15,0,0,0,1220.0,97.3
AIRWAY OFF I580 WB,AIRWAY_OFF_I580_WB.html,597,15,1,1,0,596.8,75.2
ARLENE WY,ARLENE_WY.html,1354,15,1,1,0,1344.6,103.4
PRIMA DR,PRIMA_DR.html,488,15,2,2,0,480.7,63.4
PRAIRIE WY,PRAIRIE_WY.html,255,15,1,1,0,252.6,58.3
MISTY CI,MISTY_CI.html,697,15,2,2,0,757.7,79.3
REBECCA DR,REBECCA_DR.html,689,15,1,1,0,684.8,72.6
E VALLECITOS RD,E_VALLECITOS_RD.html,1734,15,3,0,3,2997.2,130.3
AUTUMN OAK DR,AUTUMN_OAK_DR.html,378,15,1,1,0,374.8,63.3
TUSCANY CI,TUSCANY_CI.html,472,14,0,0,0,470.3,62.1
COLLEGE AV,COLLEGE_AV.html,1998,14,0,0,0,1978.1,122.8
KALTHOFF CM,KALTHOFF_CM.html,2637,14,9,5,4,2634.9,179.8
WAVERLY CM,WAVERLY_CM.html,658,14,1,1,0,656.6,79.2
POMONA WY,POMONA_WY.html,597,14,0,0,0,591.4,67.5
BELLMAWR DR,BELLMAWR_DR.html,528,14,0,0,0,525.5,59.6
FRENCH ST,FRENCH_ST.html,173,14,0,0,0,172.1,47.8
CLUBHOUSE DR,CLUBHOUSE_DR.html,590,14,1,1,0,589.5,74.3
MAUREEN CI,MAUREEN_CI.html,809,14,2,2,0,803.5,78.3
CARNEGIE LP,CARNEGIE_LP.html,817,14,1,1,0,803.0,83.5
YOUNTVILLE CT,YOUNTVILLE_CT.html,203,14,0,0,0,201.3,49.3
INVERNESS CM,INVERNESS_CM.html,346,14,1,1,0,344.2,63.5
SAN FELICE DR,SAN_FELICE_DR.html,425,14,1,1,0,418.7,65.3
WOOD HOLLOW DR,WOOD_HOLLOW_DR.html,503,14,2,2,0,496.5,63.1
N L ST,N_L_ST.html,1060,14,1,1,0,1048.1,95.8
WISTERIA WY,WISTERIA_WY.html,689,14,0,0,0,682.9,71.9
MARATHON DR,MARATHON_DR.html,615,14,2,2,0,613.5,75.0
PINE ST,PINE_ST.html,1482,13,0,0,0,1468.0,101.0
PENDOLINO LN,PENDOLINO_LN.html,158,13,0,0,0,155.4,41.3
MONTEREY DR,MONTEREY_DR.html,622,13,2,2,0,615.7,74.6
NB AIRWAY ON I580 WB,NB_AIRWAY_ON_I580_WB.html,464,13,1,1,0,463.6,69.3
CAMPUS HILL DR,CAMPUS_HILL_DR.html,507,13,1,1,0,504.5,71.2
PADUA WY,PADUA_WY.html,372,13,0,0,0,368.1,51.3
CORNERSTONE CM,CORNERSTONE_CM.html,388,13,1,1,0,374.4,57.5
HERMAN AV,HERMAN_AV.html,545,13,3,3,0,540.3,71.0
JUNCTION AV,JUNCTION_AV.html,1117,13,0,0,0,1107.7,98.5
DANA CI,DANA_CI.html,934,13,2,2,0,925.3,83.6
ARLINGTON RD,ARLINGTON_RD.html,785,13,1,1,0,777.4,74.8
VETTA DR,VETTA_DR.html,497,13,1,1,0,492.7,62.9
THIRD ST,THIRD_ST.html,2790,13,2,1,1,8390.2,180.1
MCGRAW AV,MCGRAW_AV.html,274,13,0,0,0,272.9,52.9
SUCCESS CI,SUCCESS_CI.html,489,13,1,1,0,484.8,69.2
BIG BASIN RD,BIG_BASIN_RD.html,272,13,0,0,0,268.2,52.1
SADDLEBACK CI,SADDLEBACK_CI.html,721,13,1,1,0,717.5,79.9
MAYBECK LN,MAYBECK_LN.html,262,13,0,0,0,260.4,52.2
FIGONE WY,FIGONE_WY.html,122,13,0,0,0,120.3,45.7
BELLINGTON CM,BELLINGTON_CM.html,250,12,0,0,0,248.2,45.1
LONGFELLOW CT,LONGFELLOW_CT.html,283,12,0,0,0,281.9,53.3
BELLFLOWER ST,BELLFLOWER_ST.html,695,12,2,2,0,688.3,72.0
ALTAMONT CREEK DR,ALTAMONT_CREEK_DR.html,626,12,0,0,0,618.4,62.8
SARDONYX CT,SARDONYX_CT.html,160,12,0,0,0,159.2,40.9
BRIARWOOD DR,BRIARWOOD_DR.html,573,12,1,1,0,566.5,67.0
MAPLE ST,MAPLE_ST.html,647,12,0,0,0,639.9,64.0
S P ST,S_P_ST.html,791,12,1,1,0,784.3,77.2
STICKLEY DR,STICKLEY_DR.html,154,12,1,1,0,151.2,53.4
WESTWIND ST,WESTWIND_ST.html,206,12,0,0,0,203.6,49.3
WHITEHALL CT,WHITEHALL_CT.html,167,12,0,0,0,165.5,47.6
PICHOLINE DR,PICHOLINE_DR.html,121,12,0,0,0,120.0,45.3
VANCOUVER WY,VANCOUVER_WY.html,1091,12,0,0,0,1083.3,83.7
NB FIRST/SB SPRINGTOWN ON I580 EB,NB_FIRST_SB_SPRINGTOWN_ON_I580_EB.html,445,12,0,0,0,444.0,54.8
E VINEYARD AV,E_VINEYARD_AV.html,3029,12,1,0,1,4848.9,188.4
PEREGRINE ST,PEREGRINE_ST.html,232,12,0,0,0,228.0,50.5
DETERT ST,DETERT_ST.html,207,12,1,1,0,204.2,55.5
CUMULUS ST,CUMULUS_ST.html,329,12,0,0,0,322.0,54.5
RINCON AV,RINCON_AV.html,1589,12,0,0,0,1567.1,103.0
TEASEL CM,TEASEL_CM.html,227,12,0,0,0,226.4,44.1
LA RIBERA ST,LA_RIBERA_ST.html,588,12,1,1,0,587.4,73.8
VASCO ON I580 EB,VASCO_ON_I580_EB.html,761,12,3,2,1,854.8,88.3
PORTOLA MEADOWS RD,PORTOLA_MEADOWS_RD.html,371,12,1,1,0,363.9,57.2
RAPALLO CM,RAPALLO_CM.html,425,12,1,1,0,422.0,66.1
BARGEMANN LN,BARGEMANN_LN.html,176,12,0,0,0,174.6,47.4
SAN MINETE DR,SAN_MINETE_DR.html,420,12,1,1,0,418.5,65.8
CHATEAU CM,CHATEAU_CM.html,307,12,0,0,0,306.4,54.1
STONE PINE CM,STONE_PINE_CM.html,51,12,0,0,0,49.7,41.7
LOCH LOMAND WY,LOCH_LOMAND_WY.html,566,12,1,1,0,561.7,73.1
ROSE GATE CM,ROSE_GATE_CM.html,334,12,1,1,0,325.5,61.5
RUTHERFORD CT,RUTHERFORD_CT.html,207,12,0,0,0,204.3,49.7
WAGONER DR,WAGONER_DR.html,1134,11,0,0,0,1121.4,84.7
HANOVER ST,HANOVER_ST.html,1059,11,0,0,0,1051.8,81.9
WILDROSE CM,WILDROSE_CM.html,290,11,1,1,0,288.1,53.5
OLIVINA AV,OLIVINA_AV.html,2091,11,1,1,0,2071.5,135.9
ALAMEDA DR,ALAMEDA_DR.html,818,11,0,0,0,809.0,70.4
VERNAZZA DR,VERNAZZA_DR.html,396,11,1,1,0,394.1,63.7
KEW AV,KEW_AV.html,64,11,0,0,0,63.3,42.4
PLACER CI,PLACER_CI.html,580,11,1,1,0,576.9,66.9
HILLCREST AV,HILLCREST_AV.html,1494,11,2,2,0,1490.2,105.5
VINCI WY,VINCI_WY.html,272,11,0,0,0,269.7,45.2
LAWRENCE DR,LAWRENCE_DR.html,655,11,2,2,0,653.3,77.0
MOUNTAIN VISTA PW,MOUNTAIN_VISTA_PW.html,355,11,2,1,1,352.7,68.9
BIANCA WY,BIANCA_WY.html,556,11,0,0,0,551.8,59.1
RUTHERFORD LN,RUTHERFORD_LN.html,228,11,0,0,0,227.8,50.5
BEAR CREEK DR,BEAR_CREEK_DR.html,396,11,1,1,0,392.6,58.2
RED MAPLE CM,RED_MAPLE_CM.html,53,11,0,0,0,51.8,41.7
N N ST,N_N_ST.html,934,11,1,0,1,948.8,83.4
N I ST,N_I_ST.html,533,11,1,0,1,572.8,71.2
CANSINO LN,CANSINO_LN.html,89,11,0,0,0,88.3,43.2
SANTA CROCE CT,SANTA_CROCE_CT.html,206,11,0,0,0,205.0,49.0
CARNEGIE WY,CARNEGIE_WY.html,398,11,0,0,0,392.5,58.0
SILVERADO LN,SILVERADO_LN.html,129,11,0,0,0,128.4,45.6
ALBERT WY,ALBERT_WY.html,252,11,0,0,0,247.7,44.6
ALLEGRO ST,ALLEGRO_ST.html,270,11,0,0,0,268.3,44.8
YOSEMITE DR,YOSEMITE_DR.html,934,11,1,1,0,925.4,83.0
INDUSTRIAL WY,INDUSTRIAL_WY.html,532,11,0,0,0,530.7,58.3
ACORN WY,ACORN_WY.html,222,10,1,1,0,220.6,49.4
ALNWICK AV,ALNWICK_AV.html,45,10,0,0,0,43.7,40.8
JEANNIE WY,JEANNIE_WY.html,505,10,1,1,0,498.9,63.1
SIENA RD,SIENA_RD.html,359,10,0,0,0,356.5,56.5
SILVER OAKS WY,SILVER_OAKS_WY.html,888,10,1,1,0,886.6,87.8
MERLOT LN,MERLOT_LN.html,504,10,0,0,0,504.2,56.3
SANTA CROCE DR,SANTA_CROCE_DR.html,199,10,1,1,0,196.7,48.7
SIXTH ST,SIXTH_ST.html,1505,10,1,1,0,5926.9,109.3
WOODROSE WY,WOODROSE_WY.html,399,10,1,1,0,396.0,57.4
WINDWARD CM,WINDWARD_CM.html,267,10,0,0,0,261.2,45.8
IMPRUNETA CT,IMPRUNETA_CT.html,116,10,0,0,0,114.2,38.5
MORELAND WY,MORELAND_WY.html,166,10,0,0,0,164.2,47.0
CEDAR DR,CEDAR_DR.html,615,10,0,0,0,611.5,60.7
LUSITANA DR,LUSITANA_DR.html,189,10,0,0,0,187.3,48.0
STEALTH ST,STEALTH_ST.html,722,10,1,1,0,717.0,71.9
CARNELIAN LN,CARNELIAN_LN.html,337,10,1,1,0,331.9,55.1
NEWBURY ST,NEWBURY_ST.html,482,10,1,1,0,477.2,69.3
THORNHILL DR,THORNHILL_DR.html,506,10,2,2,0,501.9,64.1
ROBINSON CI,ROBINSON_CI.html,325,10,1,1,0,323.9,60.9
LOYOLA WY,LOYOLA_WY.html,1047,10,1,1,0,1037.0,94.0
SUPERIOR DR,SUPERIOR_DR.html,1037,10,1,1,0,1025.4,88.6
BIRCHWOOD CM,BIRCHWOOD_CM.html,184,10,0,0,0,177.6,41.3
SUMAL CM,SUMAL_CM.html,98,10,0,0,0,95.5,37.7
ASCALANO LN,ASCALANO_LN.html,321,10,0,0,0,320.5,47.8
KNOTTINGHAM CI,KNOTTINGHAM_CI.html,475,10,1,1,0,473.2,69.4
ARROWHEAD AV,ARROWHEAD_AV.html,632,10,2,1,1,622.4,80.4
PHEASANT WY,PHEASANT_WY.html,184,10,0,0,0,182.1,41.6
HAGEMANN DR,HAGEMANN_DR.html,1089,10,3,3,0,1074.6,90.3
TANAGER RD,TANAGER_RD.html,641,10,0,0,0,636.3,62.5
RESEARCH DR,RESEARCH_DR.html,729,10,1,1,0,727.5,73.0
NAYLOR AV,NAYLOR_AV.html,507,10,1,1,0,505.4,63.3
COPPER CREST CM,COPPER_CREST_CM.html,379,10,0,0,0,373.6,58.0
RUTAN DR,RUTAN_DR.html,859,10,2,2,0,852.8,85.7
S K ST,S_K_ST.html,816,10,0,0,0,808.7,71.7
BOBBY DR,BOBBY_DR.html,268,10,0,0,0,265.5,51.7
MULQUEENEY ST,MULQUEENEY_ST.html,548,10,0,0,0,541.2,58.4
SANTORINA CT,SANTORINA_CT.html,85,9,0,0,0,84.4,37.2
FRANCESCO CT,FRANCESCO_CT.html,161,9,1,1,0,160.1,53.2
FIORE BELLA WY,FIORE_BELLA_WY.html,211,9,0,0,0,210.1,42.9
SILVERADO CT,SILVERADO_CT.html,124,9,0,0,0,122.9,45.5
ALMOND AV,ALMOND_AV.html,842,9,0,0,0,832.4,71.1
HOLLYHOCK ST,HOLLYHOCK_ST.html,988,9,1,1,0,982.5,85.6
HILLSIDE AV,HILLSIDE_AV.html,358,9,0,0,0,353.1,50.3
LAKE DR,LAKE_DR.html,190,9,1,1,0,187.8,54.8
RICKENBACKER CI,RICKENBACKER_CI.html,672,9,2,2,0,670.4,70.2
CONSTITUTION DR,CONSTITUTION_DR.html,1588,9,3,2,1,1585.3,127.5
NEPTUNE RD,NEPTUNE_RD.html,463,9,0,0,0,458.9,54.8
LINDEN ST,LINDEN_ST.html,819,9,0,0,0,810.6,71.4
S J ST,S_J_ST.html,861,9,0,0,0,852.3,73.7
S M ST,S_M_ST.html,808,9,0,0,0,801.4,71.1
ENCINO DR,ENCINO_DR.html,476,9,1,0,1,472.8,61.6
BASIL CM,BASIL_CM.html,82,9,0,0,0,80.9,43.0
THERESA WY,THERESA_WY.html,771,9,0,0,0,763.8,69.4
GUILFORD AV,GUILFORD_AV.html,619,9,0,0,0,615.4,61.1
BELLA OAKS CT,BELLA_OAKS_CT.html,141,9,0,0,0,139.9,45.9
MADEIRA WY,MADEIRA_WY.html,931,9,0,0,0,924.3,76.8
CALISTOGA CT,CALISTOGA_CT.html,167,9,0,0,0,165.5,46.7
MILL SPRINGS CM,MILL_SPRINGS_CM.html,594,9,1,1,0,694.8,74.2
SEVENTH ST,SEVENTH_ST.html,893,9,0,0,0,906.2,74.7
CALICO CM,CALICO_CM.html,82,9,0,0,0,80.9,36.7
SHERIDAN CI,SHERIDAN_CI.html,435,9,1,1,0,433.4,60.8
CALLE DEL SUENO,CALLE_DEL_SUENO.html,143,9,0,0,0,140.7,46.0
MELANIE WY,MELANIE_WY.html,620,9,0,0,0,615.3,61.5
MEZZAMONTE DR,MEZZAMONTE_DR.html,199,9,1,1,0,197.8,54.9
LUCCA WY,LUCCA_WY.html,80,9,0,0,0,79.4,42.9
MALLARD ST,MALLARD_ST.html,181,9,0,0,0,178.0,41.3
GARDELLA PLAZA,GARDELLA_PLAZA.html,398,9,0,0,0,394.9,58.4
WEXLER WY,WEXLER_WY.html,202,9,0,0,0,201.5,48.8
VIVIAN DR,VIVIAN_DR.html,569,9,1,1,0,563.3,66.1
VINE DR,VINE_DR.html,152,9,1,1,0,150.2,46.3
KLONDIKE RD,KLONDIKE_RD.html,310,9,0,0,0,306.2,47.3
VASCO ON I580 WB,VASCO_ON_I580_WB.html,429,9,0,0,0,427.9,60.1
OLMSTEAD WY,OLMSTEAD_WY.html,167,9,0,0,0,165.9,40.9
WELCH LN,WELCH_LN.html,283,9,1,1,0,280.4,59.0
TUILERIES AV,TUILERIES_AV.html,82,9,0,0,0,80.9,43.2
HAMPTON RD,HAMPTON_RD.html,600,9,0,0,0,593.2,61.9
PRATO WY,PRATO_WY.html,330,9,0,0,0,327.8,48.3
VASCO OFF I580 WB,VASCO_OFF_I580_WB.html,1107,9,3,0,3,1440.7,98.7
QUARRYHILL AV,QUARRYHILL_AV.html,171,9,0,0,0,169.1,47.3
LIVERMORE OUTLETS DR,LIVERMORE_OUTLETS_DR.html,591,9,2,2,0,589.1,74.3
LINCOLN AV,LINCOLN_AV.html,486,9,1,1,0,480.9,62.3
STONE PEAK CM,STONE_PEAK_CM.html,114,9,0,0,0,112.2,38.5
KIWI CM,KIWI_CM.html,82,9,0,0,0,80.9,43.2
PERIDOT DR,PERIDOT_DR.html,279,9,0,0,0,275.3,45.9
JOYCE ST,JOYCE_ST.html,714,9,0,0,0,708.5,65.4
PASATIEMPO ST,PASATIEMPO_ST.html,475,9,1,1,0,467.6,61.5
WRIGHT BROTHERS AV,WRIGHT_BROTHERS_AV.html,607,9,3,3,0,604.9,67.5
DAISYFIELD DR,DAISYFIELD_DR.html,1079,9,1,1,0,1075.5,94.7
DANIELLE CT,DANIELLE_CT.html,73,9,0,0,0,72.1,42.6
WINDING STREAM DR,WINDING_STREAM_DR.html,258,9,0,0,0,256.5,44.6
AMITSHREYA WY,AMITSHREYA_WY.html,100,9,0,0,0,99.0,37.5
WINDERMERE CI,WINDERMERE_CI.html,503,8,1,1,0,501.0,63.8
AIRWAY ON I580 EB,AIRWAY_ON_I580_EB.html,413,8,1,1,0,412.9,65.3
OWL WY,OWL_WY.html,408,8,0,0,0,405.9,51.4
WILDWOOD CM,WILDWOOD_CM.html,99,8,0,0,0,98.0,37.5
DOVER WY,DOVER_WY.html,480,8,0,0,0,475.9,54.4
PINNACLE PL,PINNACLE_PL.html,122,8,0,0,0,120.9,45.1
WALNUT ST,WALNUT_ST.html,909,8,0,0,0,900.3,75.5
HILLCREST CM,HILLCREST_CM.html,185,8,0,0,0,183.9,41.5
SHEFFIELD DR,SHEFFIELD_DR.html,465,8,0,0,0,464.4,61.9
MINT CM,MINT_CM.html,69,8,0,0,0,67.7,36.0
SANTA CLARA WY,SANTA_CLARA_WY.html,607,8,0,0,0,604.1,60.4
SAGE  CM,SAGE_CM.html,87,8,0,0,0,85.9,37.0
MAPLEWOOD DR,MAPLEWOOD_DR.html,197,8,0,0,0,195.6,41.9
YORKSHIRE DR,YORKSHIRE_DR.html,165,8,0,0,0,162.1,40.8
SHETLAND RD,SHETLAND_RD.html,446,8,1,1,0,442.3,59.7
FALTINGS CT,FALTINGS_CT.html,93,8,0,0,0,91.8,43.4
SEVILLANO CT,SEVILLANO_CT.html,100,8,0,0,0,99.0,37.7
CALLE DEL REY,CALLE_DEL_REY.html,286,8,0,0,0,284.5,46.4
FREISMAN RD,FREISMAN_RD.html,500,8,1,0,1,499.2,62.8
ALTAMAR CI,ALTAMAR_CI.html,367,8,2,2,0,365.6,62.4
WINDSWEPT CM,WINDSWEPT_CM.html,247,8,0,0,0,347.4,50.4
CATALINA DR,CATALINA_DR.html,1293,8,1,1,0,1283.8,99.4
GELDING LN,GELDING_LN.html,582,8,1,1,0,577.8,65.5
S I ST,S_I_ST.html,818,8,0,0,0,810.6,71.5
PINON WY,PINON_WY.html,199,8,0,0,0,197.1,48.5
NORTHWOOD CM,NORTHWOOD_CM.html,691,8,1,1,0,988.6,78.2
HAWTHORNE AV,HAWTHORNE_AV.html,412,8,0,0,0,411.6,52.8
KITTY HAWK RD,KITTY_HAWK_RD.html,1299,8,2,2,0,1294.7,108.2
PONDEROSA DR,PONDEROSA_DR.html,327,8,1,1,0,325.1,54.5
TAPESTRY DR,TAPESTRY_DR.html,376,8,0,0,0,374.3,50.8
REGENT RD,REGENT_RD.html,727,8,1,1,0,720.2,73.0
COMMERCE WY,COMMERCE_WY.html,312,8,0,0,0,310.5,47.4
BETTONA ST,BETTONA_ST.html,373,8,0,0,0,369.2,49.8
MCLARREN CT,MCLARREN_CT.html,126,8,0,0,0,124.9,38.9
MIZNER CT,MIZNER_CT.html,137,8,0,0,0,135.7,45.7
CAMROSE AV,CAMROSE_AV.html,335,8,1,1,0,332.2,55.2
SCOTT ST,SCOTT_ST.html,411,8,1,1,0,407.6,65.7
GAMAY RD,GAMAY_RD.html,399,8,2,2,0,393.6,57.7
ALISON CI,ALISON_CI.html,1017,8,1,1,0,1007.7,86.2
MEZZAMONTE CT,MEZZAMONTE_CT.html,171,8,1,1,0,169.5,47.4
LAWSON CI,LAWSON_CI.html,447,8,0,0,0,444.0,60.0
EL PADRO DR,EL_PADRO_DR.html,823,8,1,1,0,813.1,77.1
REDWOOD RD,REDWOOD_RD.html,310,8,0,0,0,308.2,47.7
THOMAS CT,THOMAS_CT.html,126,8,0,0,0,124.9,38.9
LERIDA CT,LERIDA_CT.html,64,8,0,0,0,63.4,42.1
TAIT ST,TAIT_ST.html,121,8,0,0,0,120.2,44.7
TAHOE DR,TAHOE_DR.html,773,8,2,2,0,767.4,82.5
BELMONT DR,BELMONT_DR.html,183,8,0,0,0,181.7,47.6
SUTTER ST,SUTTER_ST.html,458,8,0,0,0,454.6,53.9
BELMONT CT,BELMONT_CT.html,164,8,0,0,0,162.9,46.8
TAMALPAIS AV,TAMALPAIS_AV.html,361,8,0,0,0,356.8,49.4
SUNSET DR,SUNSET_DR.html,1188,8,0,0,0,1182.3,85.8
RUBY RD,RUBY_RD.html,526,8,1,1,0,521.7,64.3
TALINGA CT,TALINGA_CT.html,41,8,0,0,0,39.6,40.8
LOCOMOTIVE LN,LOCOMOTIVE_LN.html,238,8,0,0,0,235.6,44.1
CHERRY WY,CHERRY_WY.html,189,8,0,0,0,218.6,47.9
AUGUSTA WY,AUGUSTA_WY.html,301,8,1,1,0,298.3,52.6
KINGS RIVER RD,KINGS_RIVER_RD.html,145,8,0,0,0,143.6,39.6
TOURMALINE AV,TOURMALINE_AV.html,458,8,1,1,0,452.5,60.3
HALL CI,HALL_CI.html,400,8,1,1,0,398.3,57.6
S H ST,S_H_ST.html,533,7,0,0,0,527.5,58.1
MARIGOLD RD,MARIGOLD_RD.html,941,7,1,1,0,933.2,82.9
HONEYSUCKLE RD,HONEYSUCKLE_RD.html,490,7,0,0,0,486.1,55.6
ALTAMAR WY,ALTAMAR_WY.html,365,7,1,1,0,358.6,61.6
INMAN ST,INMAN_ST.html,103,7,0,0,0,101.6,37.6
LUCCA CT,LUCCA_CT.html,179,7,1,1,0,178.6,53.4
FALTINGS DR,FALTINGS_DR.html,95,7,0,0,0,94.1,37.3
CELLARS CT,CELLARS_CT.html,68,7,0,0,0,66.8,36.0
MARALISA LN,MARALISA_LN.html,117,7,0,0,0,115.7,38.1
MARCELLA ST,MARCELLA_ST.html,547,7,0,0,0,541.0,58.2
GALLOWAY ST,GALLOWAY_ST.html,206,7,1,1,0,203.0,48.8
S O ST,S_O_ST.html,725,7,0,0,0,718.0,73.4
SHIRLEY WY,SHIRLEY_WY.html,183,7,0,0,0,179.4,47.7
MEADOW DR,MEADOW_DR.html,261,7,0,0,0,257.5,51.1
CARNATION CI,CARNATION_CI.html,380,7,0,0,0,377.4,50.4
SARDONYX RD,SARDONYX_RD.html,114,7,0,0,0,112.9,38.0
CAPELLA RD,CAPELLA_RD.html,187,7,0,0,0,184.4,41.1
LOBELIA WY,LOBELIA_WY.html,404,7,1,1,0,402.9,57.9
EVANS ST,EVANS_ST.html,418,7,0,0,0,411.7,57.8
STILES WY,STILES_WY.html,46,7,0,0,0,45.0,41.0
LAGRANGE LN,LAGRANGE_LN.html,396,7,0,0,0,394.6,51.6
EIGHTH ST,EIGHTH_ST.html,1189,7,0,0,0,7514.8,88.4
GREGORY WY,GREGORY_WY.html,89,7,0,0,0,88.4,43.1
LECCINO CT,LECCINO_CT.html,100,7,0,0,0,99.0,37.6
BARNEY CM,BARNEY_CM.html,304,7,0,0,0,302.6,53.3
N VASCO ON I580 WB,N_VASCO_ON_I580_WB.html,700,7,1,1,0,722.7,78.7
BAY MEADOWS CT,BAY_MEADOWS_CT.html,130,7,0,0,0,128.3,45.0
BERTOLLI CT,BERTOLLI_CT.html,55,7,0,0,0,53.6,41.2
ROCKINGHAM CT,ROCKINGHAM_CT.html,68,7,0,0,0,67.0,42.2
CHERYL DR,CHERYL_DR.html,639,7,0,0,0,635.9,68.7
LAS FLORES RD,LAS_FLORES_RD.html,278,7,0,0,0,275.2,52.5
PORTOLA CM,PORTOLA_CM.html,501,7,1,1,0,735.6,69.2
LARRYS PL,LARRYS_PL.html,72,7,0,0,0,70.5,42.5
PULLMAN ST,PULLMAN_ST.html,443,7,0,0,0,441.9,53.7
PYRAMID ST,PYRAMID_ST.html,588,7,2,2,0,581.8,74.2
ATLANTIS ST,ATLANTIS_ST.html,271,7,0,0,0,269.2,51.3
HEATHER LN,HEATHER_LN.html,870,7,2,2,0,863.9,85.3
AUTINORI CT,AUTINORI_CT.html,150,7,0,0,0,148.4,39.9
AUSTEN WY,AUSTEN_WY.html,177,7,0,0,0,174.4,41.5
CRESTMONT AV,CRESTMONT_AV.html,748,7,0,0,0,745.5,66.2
CORONADO WY,CORONADO_WY.html,338,7,0,0,0,335.2,48.4
KELLOGG PL,KELLOGG_PL.html,64,7,0,0,0,62.4,41.9
ANZA WY,ANZA_WY.html,458,7,0,0,0,454.4,54.0
KENSINGTON CM,KENSINGTON_CM.html,203,7,0,0,0,200.4,49.0
PICHOLINE CT,PICHOLINE_CT.html,41,7,0,0,0,39.6,34.3
ANCONA CI,ANCONA_CI.html,332,7,0,0,0,331.4,47.7
ORION WY,ORION_WY.html,624,7,0,0,0,619.8,59.9
DEL NORTE DR,DEL_NORTE_DR.html,575,7,0,0,0,571.3,59.5
PARIS WY,PARIS_WY.html,356,7,0,0,0,351.8,49.7
DIAMOND DR,DIAMOND_DR.html,440,7,0,0,0,437.0,53.6
DERBY CT,DERBY_CT.html,114,7,0,0,0,111.2,44.1
PASEO LAGUNA SECO,PASEO_LAGUNA_SECO.html,639,7,1,1,0,634.8,69.0
INDEPENDENCE DR,INDEPENDENCE_DR.html,705,6,0,0,0,702.6,73.5
INVERNESS WY,INVERNESS_WY.html,156,6,0,0,0,153.7,46.6
WOODLAND CT,WOODLAND_CT.html,84,6,0,0,0,82.6,43.0
ISABEL ON/OFF STANLEY,ISABEL_ON_OFF_STANLEY.html,325,6,1,1,0,324.0,55.2
KELLOGG CT,KELLOGG_CT.html,48,6,0,0,0,47.4,41.0
PESTANA WY,PESTANA_WY.html,1004,6,0,0,0,998.9,78.6
PARK ST,PARK_ST.html,825,6,0,0,0,816.7,71.3
VIA GRANADA,VIA_GRANADA.html,650,6,1,0,1,645.2,68.3
ASTER LN,ASTER_LN.html,555,6,0,0,0,552.8,58.6
PIENZA ST,PIENZA_ST.html,160,6,0,0,0,158.3,46.5
HEIDELBERG DR,HEIDELBERG_DR.html,1077,6,0,0,0,1069.0,84.1
HAYES AV,HAYES_AV.html,297,6,1,1,0,292.2,59.2
CRESCENT CT,CRESCENT_CT.html,122,6,0,0,0,121.4,44.4
CROMWELL ST,CROMWELL_ST.html,307,6,0,0,0,303.5,47.3
CROMWELL WY,CROMWELL_WY.html,223,6,0,0,0,221.7,43.3
CURLEW RD,CURLEW_RD.html,706,6,0,0,0,700.5,64.8
OLIVORO CT,OLIVORO_CT.html,83,6,0,0,0,81.7,36.3
NOVARA ST,NOVARA_ST.html,185,6,0,0,0,182.8,41.5
VERONA AV,VERONA_AV.html,418,6,0,0,0,414.4,51.8
VASCO OFF I580 EB,VASCO_OFF_I580_EB.html,1050,6,0,0,0,1221.1,88.7
CHURCHILL DOWNS LN,CHURCHILL_DOWNS_LN.html,106,6,0,0,0,104.3,43.8
CINDY LN,CINDY_LN.html,316,6,0,0,0,313.9,47.3
CHESTNUT ST,CHESTNUT_ST.html,1065,6,0,0,0,1053.8,82.0
RIDGECREST CI,RIDGECREST_CI.html,446,6,1,1,0,441.4,61.0
CHABLIS WY,CHABLIS_WY.html,320,6,0,0,0,318.3,47.8
ENTERPRISE CT,ENTERPRISE_CT.html,207,6,0,0,0,205.5,42.6
ELM ST,ELM_ST.html,1047,6,0,0,0,1042.2,81.5
N O ST,N_O_ST.html,702,6,0,0,0,694.8,65.6
SWAN DR,SWAN_DR.html,572,6,1,1,0,567.3,66.0
EXCHANGE CT,EXCHANGE_CT.html,163,6,0,0,0,161.5,46.8
RHONDA LN,RHONDA_LN.html,265,6,1,1,0,264.4,51.3
CLAVEY RIVER CT,CLAVEY_RIVER_CT.html,115,6,0,0,0,113.6,44.2
TIVOLI CT,TIVOLI_CT.html,47,6,0,0,0,46.0,34.9
RAINFLOWER DR,RAINFLOWER_DR.html,647,6,0,0,0,668.0,62.7
QUINCE CT,QUINCE_CT.html,110,6,0,0,0,109.2,44.1
CONTRACTORS PL,CONTRACTORS_PL.html,453,6,0,0,0,453.0,53.8
RHONE DR,RHONE_DR.html,247,6,0,0,0,246.3,44.4
TRAVISO CI,TRAVISO_CI.html,477,6,0,0,0,476.0,61.3
TORREY PINE WY,TORREY_PINE_WY.html,197,6,0,0,0,196.3,41.8
LAKESIDE CI,LAKESIDE_CI.html,354,6,1,1,0,352.0,55.5
E JACK LONDON BL,E_JACK_LONDON_BL.html,1312,6,1,0,1,1304.9,104.1
NORMA WY,NORMA_WY.html,636,6,0,0,0,633.3,62.5
EL DORADO DR,EL_DORADO_DR.html,637,6,1,1,0,630.7,68.2
NB FIRST/SB SPRINGTOWN ON I580 WB,NB_FIRST_SB_SPRINGTOWN_ON_I580_WB.html,487,6,0,0,0,487.0,62.4
CHAUCER WY,CHAUCER_WY.html,181,6,1,1,0,178.8,47.6
GRACE ST,GRACE_ST.html,394,6,0,0,0,390.9,51.3
ESCONDIDO CI,ESCONDIDO_CI.html,901,6,1,1,0,896.0,81.7
ESTATES ST,ESTATES_ST.html,820,6,2,2,0,809.1,75.8
BUCKHORN CREEK RD,BUCKHORN_CREEK_RD.html,170,6,1,1,0,168.5,46.7
STONEBRIDGE RD,STONEBRIDGE_RD.html,441,6,1,1,0,440.1,59.3
MEGAN RD,MEGAN_RD.html,381,6,0,0,0,377.4,50.9
ALTAMONT CI,ALTAMONT_CI.html,397,6,0,0,0,395.3,50.7
JENSEN ST,JENSEN_ST.html,704,6,1,1,0,691.0,70.4
PERIWINKLE CM,PERIWINKLE_CM.html,62,6,0,0,0,61.1,35.2
DEEP CREEK RD,DEEP_CREEK_RD.html,170,6,0,0,0,168.5,40.2
PEACH TREE CM,PEACH_TREE_CM.html,300,6,1,1,0,298.5,53.2
PATCHAM CM,PATCHAM_CM.html,350,6,0,0,0,347.5,55.7
JESSICA DR,JESSICA_DR.html,595,6,0,0,0,589.7,60.5
WILDFLOWER DR,WILDFLOWER_DR.html,269,6,0,0,0,268.1,51.4
SHAWNA ST,SHAWNA_ST.html,248,6,1,1,0,246.2,50.6
BROOKDALE LN,BROOKDALE_LN.html,263,6,1,1,0,260.9,57.0
ST ANDREWS WY,ST_ANDREWS_WY.html,233,6,0,0,0,232.9,49.7
ST HELENA CT,ST_HELENA_CT.html,220,6,1,1,0,218.7,55.4
FRANKLIN LN,FRANKLIN_LN.html,271,6,0,0,0,270.0,51.8
S N ST,S_N_ST.html,767,6,0,0,0,760.1,68.8
SUGAR PINE WY,SUGAR_PINE_WY.html,197,6,0,0,0,196.3,41.8
FIRST OFF I580 EB,FIRST_OFF_I580_EB.html,439,6,0,0,0,439.1,53.8
BRESSO DR,BRESSO_DR.html,379,6,0,0,0,376.8,50.5
LLOYD ST,LLOYD_ST.html,342,6,1,1,0,338.6,54.6
N M ST,N_M_ST.html,821,6,0,0,0,812.4,71.2
LENNOX LN,LENNOX_LN.html,184,6,1,1,0,182.2,54.3
LELAND WY,LELAND_WY.html,395,6,0,0,0,390.5,51.2
TERMINAL CI,TERMINAL_CI.html,368,6,1,1,0,367.6,62.9
BELLA KRISTINA LN,BELLA_KRISTINA_LN.html,135,6,0,0,0,133.7,45.0
LEISURE ST,LEISURE_ST.html,280,6,0,0,0,279.0,52.2
GUSTY LP,GUSTY_LP.html,248,6,1,1,0,317.8,57.1
FONTONETT AV,FONTONETT_AV.html,559,6,0,0,0,555.1,58.2
SALVIA CM,SALVIA_CM.html,58,6,0,0,0,56.9,35.2
FLORENCE RD,FLORENCE_RD.html,567,6,0,0,0,560.3,58.6
S Q ST,S_Q_ST.html,461,6,0,0,0,457.1,54.6
BERRYESSA ST,BERRYESSA_ST.html,120,6,0,0,0,118.7,38.0
BENNETT DR,BENNETT_DR.html,730,6,1,1,0,727.3,79.5
HALF DOME WY,HALF_DOME_WY.html,88,5,1,1,0,87.2,42.8
HAREWOOD DR,HAREWOOD_DR.html,398,5,0,0,0,395.3,51.3
OLD FIRST ST,OLD_FIRST_ST.html,401,5,1,1,0,397.2,64.0
PLEASANT VIEW LN,PLEASANT_VIEW_LN.html,259,5,0,0,0,258.9,50.7
CRYSTAL CI,CRYSTAL_CI.html,491,5,0,0,0,652.8,56.0
AUTUMN WY,AUTUMN_WY.html,60,5,0,0,0,59.4,34.8
LAGISS CT,LAGISS_CT.html,69,5,0,0,0,68.2,35.7
LAGUNA ST,LAGUNA_ST.html,671,5,1,1,0,664.6,69.2
KOBIO ST,KOBIO_ST.html,100,5,1,1,0,98.4,43.3
VIENNA ST,VIENNA_ST.html,509,5,0,0,0,503.7,55.7
WELLINGHAM DR,WELLINGHAM_DR.html,553,5,0,0,0,548.9,59.6
IROQUOIS AV,IROQUOIS_AV.html,328,5,0,0,0,323.9,47.3
JAMI ST,JAMI_ST.html,160,5,1,1,0,158.5,46.3
WOLF HOUSE DR,WOLF_HOUSE_DR.html,735,5,4,1,3,733.6,86.7
ALICE WY,ALICE_WY.html,228,5,1,1,0,225.3,48.9
JEFFERSON AV,JEFFERSON_AV.html,440,5,0,0,0,435.0,52.7
KAREN WY,KAREN_WY.html,80,5,0,0,0,79.1,36.1
WAVERLEY WY,WAVERLEY_WY.html,498,5,0,0,0,494.5,57.4
DOLORES ST,DOLORES_ST.html,429,5,0,0,0,422.8,51.8
ONTARIO DR,ONTARIO_DR.html,775,5,2,2,0,772.0,74.6
HEARST ST,HEARST_ST.html,138,5,0,0,0,137.1,38.8
ARIA CT,ARIA_CT.html,98,5,0,0,0,97.0,36.8
WEDGEWOOD WY,WEDGEWOOD_WY.html,419,5,1,1,0,415.1,58.6
DALTON AV,DALTON_AV.html,517,5,0,0,0,782.3,61.8
GROVE CT,GROVE_CT.html,69,5,0,0,0,68.5,41.8
LEAFCREST CM,LEAFCREST_CM.html,30,5,0,0,0,28.5,33.5
GOLF DR,GOLF_DR.html,500,5,1,1,0,497.0,62.5
RUTGERS WY,RUTGERS_WY.html,125,5,0,0,0,123.3,38.3
ERICA WY,ERICA_WY.html,273,5,1,1,0,269.8,51.7
CHALON GLEN CT,CHALON_GLEN_CT.html,111,5,0,0,0,109.9,37.5
CHALMETTE RD,CHALMETTE_RD.html,267,5,2,2,0,263.2,51.4
FARNSWORTH DR,FARNSWORTH_DR.html,648,5,0,0,0,644.4,64.2
N K ST,N_K_ST.html,866,5,0,0,0,882.1,73.2
MURRIETA BL,MURRIETA_BL.html,814,5,0,0,0,811.8,71.0
LEMON CM,LEMON_CM.html,60,5,0,0,0,59.2,35.2
TERRA WY,TERRA_WY.html,92,5,0,0,0,91.5,36.8
ELSINORE WY,ELSINORE_WY.html,110,5,0,0,0,109.7,37.4
ELVIRA ST,ELVIRA_ST.html,409,5,1,1,0,405.4,57.1
RACCOLIO WY,RACCOLIO_WY.html,188,5,0,0,0,187.3,41.0
LAUREL DR,LAUREL_DR.html,239,5,0,0,0,236.7,43.3
EDELWEISS WY,EDELWEISS_WY.html,209,5,0,0,0,208.0,41.8
CORTE SUENO,CORTE_SUENO.html,100,5,0,0,0,99.2,37.0
BALTUSROL RD,BALTUSROL_RD.html,69,5,0,0,0,68.0,41.7
BALTUSROL CT,BALTUSROL_CT.html,125,5,0,0,0,123.9,38.0
THUNDER CM,THUNDER_CM.html,170,5,0,0,0,168.0,40.8
VALLEY OF THE MOON RD,VALLEY_OF_THE_MOON_RD.html,255,5,0,0,0,253.1,44.7
TULIP WY,TULIP_WY.html,386,5,0,0,0,382.9,50.8
TORTUGA CM,TORTUGA_CM.html,82,5,0,0,0,79.5,42.5
COUNTRY LN,COUNTRY_LN.html,122,5,0,0,0,121.1,37.9
BARLETA CT,BARLETA_CT.html,147,5,0,0,0,146.2,45.7
EMERSON DR,EMERSON_DR.html,327,5,0,0,0,324.6,48.8
BAROUNI CT,BAROUNI_CT.html,94,5,0,0,0,92.9,36.8
FALCON WY,FALCON_WY.html,466,5,0,0,0,462.2,53.7
LODESTONE RD,LODESTONE_RD.html,150,5,0,0,0,148.4,39.5
MISTY WY,MISTY_WY.html,136,5,0,0,0,132.8,45.3
FLAGSTONE CM,FLAGSTONE_CM.html,55,5,0,0,0,53.5,34.9
BLACKWOOD CM,BLACKWOOD_CM.html,321,5,1,1,0,383.6,53.6
BISHOP PINE WY,BISHOP_PINE_WY.html,197,5,0,0,0,196.3,41.5
BRIDLE PATH CT,BRIDLE_PATH_CT.html,99,5,0,0,0,98.0,43.1
SPRING VALLEY CM,SPRING_VALLEY_CM.html,797,5,0,0,0,1087.6,71.1
SONOMA AV,SONOMA_AV.html,476,5,0,0,0,472.9,61.3
STERLING WY,STERLING_WY.html,58,5,0,0,0,56.5,41.3
FRUITWOOD CM,FRUITWOOD_CM.html,26,5,0,0,0,25.4,33.2
STARLING AV,STARLING_AV.html,344,5,1,1,0,339.6,54.4
SARATOGA CT,SARATOGA_CT.html,139,5,0,0,0,137.5,45.6
LUSITANA CT,LUSITANA_CT.html,69,5,0,0,0,67.9,41.8
MINERVA CT,MINERVA_CT.html,100,5,0,0,0,99.0,37.4
SB ISABEL ON I580 WB,SB_ISABEL_ON_I580_WB.html,632,5,1,0,1,632.1,75.5
CANTERBURY AV,CANTERBURY_AV.html,457,5,0,0,0,455.6,54.2
CARRARA WY,CARRARA_WY.html,264,5,0,0,0,262.7,45.2
CARSON PASS WY,CARSON_PASS_WY.html,196,5,0,0,0,195.3,41.5
S S ST,S_S_ST.html,600,5,0,0,0,707.1,61.1
MT HAMILTON CT,MT_HAMILTON_CT.html,30,5,0,0,0,29.4,33.4
CABERNET WY,CABERNET_WY.html,335,5,0,0,0,331.6,47.5
ALBATROSS AV,ALBATROSS_AV.html,438,5,1,1,0,432.6,58.2
AIRWAY OFF I580 EB,AIRWAY_OFF_I580_EB.html,478,5,1,1,0,477.6,67.9
MENDOCINO RD,MENDOCINO_RD.html,250,5,0,0,0,247.9,44.0
CALIENTE AV,CALIENTE_AV.html,746,5,0,0,0,742.3,67.6
SHASTA ST,SHASTA_ST.html,61,5,0,0,0,60.0,41.5
BRISTLECONE WY,BRISTLECONE_WY.html,242,5,0,0,0,239.8,43.5
MARINI LN,MARINI_LN.html,156,5,0,0,0,154.2,39.7
AMBERWOOD WY,AMBERWOOD_WY.html,382,5,0,0,0,380.9,51.1
AMALFI CM,AMALFI_CM.html,80,5,0,0,0,79.3,42.4
WHIPPOORWILL ST,WHIPPOORWILL_ST.html,173,5,0,0,0,171.9,40.4
DEER HOLLOW LN,DEER_HOLLOW_LN.html,182,5,0,0,0,180.1,41.2
PEARY WY,PEARY_WY.html,336,5,0,0,0,332.8,48.6
DEL MONTE ST,DEL_MONTE_ST.html,577,5,1,1,0,570.6,64.5
YORKSHIRE CT,YORKSHIRE_CT.html,102,5,0,0,0,101.5,43.9
HOYA CM,HOYA_CM.html,76,5,0,0,0,75.0,36.1
HUNTINGTON WY,HUNTINGTON_WY.html,405,5,0,0,0,401.7,51.7
YELLOWSTONE WY,YELLOWSTONE_WY.html,113,4,0,0,0,111.5,37.6
AGATHA WY,AGATHA_WY.html,239,4,0,0,0,236.8,49.8
ABERDEEN AV,ABERDEEN_AV.html,475,4,0,0,0,471.7,53.4
PERCHERON RD,PERCHERON_RD.html,212,4,0,0,0,209.3,42.5
DAVIS WY,DAVIS_WY.html,366,4,1,1,0,362.4,55.7
PEARL DR,PEARL_DR.html,481,4,1,1,0,477.8,61.4
WINDING STREAM CT,WINDING_STREAM_CT.html,141,4,0,0,0,140.2,38.7
ANDREA CI,ANDREA_CI.html,510,4,0,0,0,507.4,56.1
WHITE FANG WY,WHITE_FANG_WY.html,185,4,0,0,0,184.1,40.7
WHIPPOORWILL CT,WHIPPOORWILL_CT.html,86,4,0,0,0,85.0,36.2
ALSACE CT,ALSACE_CT.html,149,4,0,0,0,147.9,45.5
ALMADEN WY,ALMADEN_WY.html,241,4,1,1,0,240.0,49.7
HYACINTH CT,HYACINTH_CT.html,92,4,0,0,0,90.7,36.6
MEADOW GLEN DR,MEADOW_GLEN_DR.html,282,4,0,0,0,389.2,45.8
CALLA LILY CM,CALLA_LILY_CM.html,27,4,0,0,0,26.1,33.0
CALIBRIA CT,CALIBRIA_CT.html,92,4,0,0,0,91.3,36.2
CALDERON CT,CALDERON_CT.html,93,4,0,0,0,91.4,36.4
SHANNON CT,SHANNON_CT.html,124,4,1,1,0,122.4,50.6
SMOKE BELLEW RD,SMOKE_BELLEW_RD.html,169,4,0,0,0,167.4,40.1
SINGING HILLS AV,SINGING_HILLS_AV.html,351,4,0,0,0,350.2,48.4
SILVER SAGE CT,SILVER_SAGE_CT.html,72,4,0,0,0,71.6,35.4
SHOEMAKER DR,SHOEMAKER_DR.html,178,4,0,0,0,174.8,41.0
MEADOW CT,MEADOW_CT.html,120,4,0,0,0,118.9,37.7
MAYTEN DR,MAYTEN_DR.html,318,4,0,0,0,317.3,47.3
FOSCALINA WY,FOSCALINA_WY.html,57,4,0,0,0,55.6,34.6
MARLYS CM,MARLYS_CM.html,72,4,0,0,0,71.1,42.0
ST GEORGE CT,ST_GEORGE_CT.html,88,4,0,0,0,86.9,36.7
SPINEL CT,SPINEL_CT.html,41,4,0,0,0,39.7,34.0
SPARROW ST,SPARROW_ST.html,235,4,0,0,0,233.4,43.5
SONIC AV,SONIC_AV.html,235,4,0,0,0,234.8,43.4
MARALISA CT,MARALISA_CT.html,108,4,0,0,0,106.4,37.2
MALLARD CT,MALLARD_CT.html,57,4,0,0,0,56.1,34.7
MAGNOLIA CM,MAGNOLIA_CM.html,69,4,0,0,0,68.0,35.5
MADISON AV,MADISON_AV.html,630,4,0,0,0,621.1,60.8
GARDENIA CM,GARDENIA_CM.html,28,4,0,0,0,27.3,39.6
BLUFFS DR,BLUFFS_DR.html,308,4,0,0,0,304.3,47.0
STOCKHOLM RD,STOCKHOLM_RD.html,69,4,0,0,0,67.9,41.9
STATION ST,STATION_ST.html,45,4,0,0,0,43.4,34.2
LOUVRE LN,LOUVRE_LN.html,96,4,0,0,0,94.9,43.2
FIRESTONE RD,FIRESTONE_RD.html,390,4,0,0,0,389.1,50.1
FIELDSTONE DR,FIELDSTONE_DR.html,67,4,0,0,0,66.4,35.2
CAPITOL ST,CAPITOL_ST.html,134,4,0,0,0,132.9,38.6
CAMEO DR,CAMEO_DR.html,430,4,1,1,0,426.3,58.9
CAMELIA DR,CAMELIA_DR.html,619,4,1,1,0,612.8,66.8
CALLE DE LAS GRANVAS,CALLE_DE_LAS_GRANVAS.html,150,4,0,0,0,148.4,39.6
MIMOSA ST,MIMOSA_ST.html,145,4,0,0,0,141.9,38.9
MILAN CT,MILAN_CT.html,142,4,0,0,0,140.6,45.7
FALLEN LEAF DR,FALLEN_LEAF_DR.html,91,4,0,0,0,89.7,36.5
MT DIABLO WY,MT_DIABLO_WY.html,269,4,0,0,0,265.1,44.5
MT DAY DR,MT_DAY_DR.html,103,4,0,0,0,102.5,37.1
MONTROSE PL,MONTROSE_PL.html,212,4,1,1,0,211.0,48.8
CASCINA CT,CASCINA_CT.html,58,4,0,0,0,57.1,34.7
CARTIER DR,CARTIER_DR.html,220,4,0,0,0,218.4,48.5
CAROL CM,CAROL_CM.html,59,4,0,0,0,58.0,34.8
LOS ALAMOS AV,LOS_ALAMOS_AV.html,582,4,0,0,0,579.8,59.9
SUSAN LN,SUSAN_LN.html,202,4,0,0,0,200.8,48.5
BLOSSOM CI,BLOSSOM_CI.html,187,4,0,0,0,186.2,41.1
SUNNYBROOK WY,SUNNYBROOK_WY.html,69,4,0,0,0,67.0,35.3
SUMMERTREE CT,SUMMERTREE_CT.html,100,4,0,0,0,98.8,37.2
BERRYESSA CT,BERRYESSA_CT.html,76,4,0,0,0,75.3,35.6
GOLDENROD DR,GOLDENROD_DR.html,380,4,0,0,0,378.8,55.8
RUTH WY,RUTH_WY.html,202,4,0,0,0,199.3,42.0
RUBY CT,RUBY_CT.html,38,4,0,0,0,37.1,33.8
RUBICON WY,RUBICON_WY.html,257,4,0,0,0,252.9,44.3
CHAUCER CT,CHAUCER_CT.html,124,4,0,0,0,122.7,44.7
ROSE ST,ROSE_ST.html,159,4,0,0,0,156.5,39.7
ROLLING HILLS CT,ROLLING_HILLS_CT.html,141,4,0,0,0,140.2,38.7
CLARET RD,CLARET_RD.html,121,4,0,0,0,120.2,38.1
RIVIERA CT,RIVIERA_CT.html,126,4,0,0,0,124.4,38.0
RIESLING CI,RIESLING_CI.html,322,4,0,0,0,320.5,47.3
RIDGESTONE RD,RIDGESTONE_RD.html,74,4,0,0,0,72.7,35.6
N GREENVILLE RD,N_GREENVILLE_RD.html,650,4,0,0,0,646.1,63.5
FAIRBROOK CT,FAIRBROOK_CT.html,120,4,0,0,0,118.9,37.7
BAVA CM,BAVA_CM.html,42,4,0,0,0,41.0,33.9
GREENWICH AV,GREENWICH_AV.html,153,4,0,0,0,152.1,39.5
LAUREL CREEK PL,LAUREL_CREEK_PL.html,105,4,1,1,0,104.6,43.5
RAMBLEWOOD PL,RAMBLEWOOD_PL.html,109,4,0,0,0,108.1,37.5
CORIANDER CM,CORIANDER_CM.html,31,4,0,0,0,29.5,33.2
COLUMBINE WY,COLUMBINE_WY.html,178,4,1,1,0,176.7,52.7
RICKENBACKER PL,RICKENBACKER_PL.html,160,4,0,0,0,159.1,39.8
RESERVE CM,RESERVE_CM.html,41,4,0,0,0,39.9,34.1
ENOS WY,ENOS_WY.html,382,4,1,1,0,377.8,56.8
BARLETA LN,BARLETA_LN.html,150,4,0,0,0,148.9,39.3
BALBOA WY,BALBOA_WY.html,160,4,0,0,0,158.5,39.6
VALLEY VIEW WY,VALLEY_VIEW_WY.html,185,4,0,0,0,182.6,41.4
VALLEY VIEW CT,VALLEY_VIEW_CT.html,34,4,0,0,0,33.2,33.7
TUSCANY CT,TUSCANY_CT.html,145,4,0,0,0,143.9,39.3
NORWOOD RD,NORWOOD_RD.html,495,4,1,1,0,491.1,61.8
PULSAR AV,PULSAR_AV.html,439,4,0,0,0,434.1,53.4
CORRAL ST,CORRAL_ST.html,78,4,0,0,0,77.1,35.6
EL CAPITAN WY,EL_CAPITAN_WY.html,174,4,0,0,0,173.9,40.4
EDGEWOOD WY,EDGEWOOD_WY.html,215,4,0,0,0,213.7,42.2
NINA WY,NINA_WY.html,99,4,0,0,0,97.8,37.0
NIGHTINGALE ST,NIGHTINGALE_ST.html,379,4,0,0,0,375.4,55.9
NB ISABEL ON I580 WB,NB_ISABEL_ON_I580_WB.html,812,4,1,1,0,811.1,78.1
RED FIR WY,RED_FIR_WY.html,87,4,0,0,0,85.9,36.3
OLEANDER ST,OLEANDER_ST.html,214,4,0,0,0,212.5,42.4
OCEAN HILLS WY,OCEAN_HILLS_WY.html,169,4,0,0,0,168.4,40.2
POINSETTIA CM,POINSETTIA_CM.html,51,4,0,0,0,49.8,34.4
CROCUS WY,CROCUS_WY.html,148,4,0,0,0,146.8,39.2
CRATER RD,CRATER_RD.html,416,4,0,0,0,414.3,52.3
COWBOY ALLEY,COWBOY_ALLEY.html,234,4,0,0,0,231.6,43.4
EDGEWATER LN,EDGEWATER_LN.html,263,4,0,0,0,262.8,44.6
LAKELAND DR,LAKELAND_DR.html,244,4,1,1,0,241.5,49.7
AUSTEN CT,AUSTEN_CT.html,42,4,0,0,0,41.0,40.3
WALL ST,WALL_ST.html,1061,4,1,1,0,1054.0,88.6
ARROWHEAD CT,ARROWHEAD_CT.html,167,4,0,0,0,166.1,46.0
KNOLL WY,KNOLL_WY.html,102,4,0,0,0,99.6,37.2
PALOMINO RD,PALOMINO_RD.html,397,4,1,1,0,394.7,57.0
DICKENS CT,DICKENS_CT.html,74,4,0,0,0,73.2,35.8
DIANE LN,DIANE_LN.html,321,4,1,1,0,319.0,53.5
DEPOT DR,DEPOT_DR.html,206,4,0,0,0,201.9,42.0
OREGON WY,OREGON_WY.html,255,4,0,0,0,255.0,44.1
PINOT CT,PINOT_CT.html,38,4,0,0,0,36.9,33.7
DARWIN AV,DARWIN_AV.html,586,4,0,0,0,577.9,59.2
PHEASANT CT,PHEASANT_CT.html,56,4,0,0,0,54.7,34.8
ORCHID ST,ORCHID_ST.html,194,4,0,0,0,190.5,41.4
DRAKE WY,DRAKE_WY.html,572,4,0,0,0,563.2,58.2
KLONDIKE PL,KLONDIKE_PL.html,63,4,0,0,0,62.1,35.2
KELLY ST,KELLY_ST.html,539,4,0,0,0,536.5,57.5
APPLE TREE CM,APPLE_TREE_CM.html,146,4,0,0,0,144.0,45.5
ANONA WY,ANONA_WY.html,86,4,0,0,0,85.3,36.1
WATER LILY CM,WATER_LILY_CM.html,162,4,0,0,0,160.6,46.4
KEELER ST,KEELER_ST.html,176,4,0,0,0,173.2,40.6
JILLANA AV,JILLANA_AV.html,218,4,1,1,0,216.9,48.8
JAYHAWK LN,JAYHAWK_LN.html,306,4,0,0,0,304.4,46.7
IDLEWILD AV,IDLEWILD_AV.html,684,4,0,0,0,682.5,63.1
WINTERBERRY CM,WINTERBERRY_CM.html,44,4,0,0,0,43.6,40.5
WOOD ST,WOOD_ST.html,85,4,0,0,0,83.9,42.7
WOODHAVEN CM,WOODHAVEN_CM.html,238,4,1,0,1,237.0,49.9
WYNN CI,WYNN_CI.html,530,4,0,0,0,526.5,57.5
ADAMS AV,ADAMS_AV.html,328,3,0,0,0,326.7,46.8
YORK WY,YORK_WY.html,59,3,0,0,0,57.7,34.7
WINDSOR WY,WINDSOR_WY.html,414,3,0,0,0,411.0,51.8
SANDPIPER CM,SANDPIPER_CM.html,153,3,1,1,0,186.7,52.0
SATURN WY,SATURN_WY.html,403,3,0,0,0,400.3,50.9
CASSADY CT,CASSADY_CT.html,114,3,0,0,0,112.8,37.6
S SEA WY,S_SEA_WY.html,184,3,0,0,0,183.5,40.6
SADDLEVIEW CT,SADDLEVIEW_CT.html,71,3,0,0,0,70.1,41.8
IVY CM,IVY_CM.html,29,3,0,0,0,27.7,33.1
HILLVIEW DR,HILLVIEW_DR.html,380,3,0,0,0,375.8,50.2
YUKON WY,YUKON_WY.html,181,3,0,0,0,179.2,41.0
ZIRCON WY,ZIRCON_WY.html,338,3,1,1,0,336.4,54.8
SAN REMO CT,SAN_REMO_CT.html,142,3,0,0,0,140.2,45.2
SB AIRWAY ON I580 EB,SB_AIRWAY_ON_I580_EB.html,148,3,0,0,0,146.8,46.1
SB AIRWAY ON I580 WB,SB_AIRWAY_ON_I580_WB.html,620,3,1,1,0,619.8,68.9
SCHOOL ST,SCHOOL_ST.html,342,3,0,0,0,337.3,47.8
CAMPO CT,CAMPO_CT.html,85,3,0,0,0,83.8,36.0
CEDARWOOD CM,CEDARWOOD_CM.html,26,3,0,0,0,25.4,32.8
CHALLENGER ST,CHALLENGER_ST.html,266,3,1,0,1,264.1,50.6
CARRIGAN CM,CARRIGAN_CM.html,444,3,0,0,0,519.7,52.6
CASCADE AV,CASCADE_AV.html,209,3,0,0,0,208.7,42.0
HOPPS LN,HOPPS_LN.html,47,3,0,0,0,45.7,34.0
JAFFA RD,JAFFA_RD.html,82,3,0,0,0,81.1,36.1
JEFFREY ST,JEFFREY_ST.html,148,3,0,0,0,146.4,39.0
IRIS WY,IRIS_WY.html,275,3,0,0,0,273.7,45.2
ISABEL OFF I580,ISABEL_OFF_I580.html,584,3,1,1,0,584.2,66.7
CHELSEA WY,CHELSEA_WY.html,368,3,0,0,0,366.9,49.1
CHERRY BLOSSOM WY,CHERRY_BLOSSOM_WY.html,136,3,1,1,0,135.0,44.7
ROXANNE ST,ROXANNE_ST.html,381,3,0,0,0,377.1,50.2
ROYAL RD,ROYAL_RD.html,58,3,0,0,0,57.0,34.7
RUNNING HILLS AV,RUNNING_HILLS_AV.html,352,3,0,0,0,351.4,48.3
RUTGERS CT,RUTGERS_CT.html,94,3,0,0,0,92.9,36.5
ROCK POINT PL,ROCK_POINT_PL.html,91,3,0,0,0,89.4,36.6
RODEO LN,RODEO_LN.html,334,3,0,0,0,334.2,53.7
ROMA ST,ROMA_ST.html,324,3,1,1,0,320.2,53.8
ROSEMARY CM,ROSEMARY_CM.html,44,3,0,0,0,42.8,34.1
CHARDONNAY CT,CHARDONNAY_CT.html,70,3,0,0,0,68.9,35.3
SHADOW MIST CT,SHADOW_MIST_CT.html,54,3,0,0,0,52.4,34.5
SHADY LN,SHADY_LN.html,89,3,0,0,0,88.1,36.2
SHEA CENTER DR,SHEA_CENTER_DR.html,274,3,0,0,0,272.4,51.7
WHITHORN CT,WHITHORN_CT.html,87,3,0,0,0,85.4,42.9
JONQUIL CM,JONQUIL_CM.html,24,3,0,0,0,23.2,32.8
JOY CT,JOY_CT.html,47,3,0,0,0,45.7,34.2
JUNCO AV,JUNCO_AV.html,145,3,0,0,0,143.3,39.2
JUNIPER ST,JUNIPER_ST.html,302,3,0,0,0,300.7,46.6
KARA PL,KARA_PL.html,132,3,0,0,0,130.5,38.4
HELSINKI WY,HELSINKI_WY.html,1214,3,0,0,0,1206.6,89.7
HERMES CM,HERMES_CM.html,196,3,1,1,0,192.5,54.5
CALIBRIA DR,CALIBRIA_DR.html,93,3,0,0,0,91.4,36.3
RIDGE CT,RIDGE_CT.html,157,3,0,0,0,156.4,39.3
RIDGESTONE CT,RIDGESTONE_CT.html,29,3,0,0,0,28.2,39.5
RIVERSTONE CM,RIVERSTONE_CM.html,30,3,0,0,0,29.4,33.2
CHIPPEWA WY,CHIPPEWA_WY.html,316,3,0,0,0,314.0,46.3
CHURCH ST,CHURCH_ST.html,228,3,0,0,0,225.7,43.0
CIELO CT,CIELO_CT.html,93,3,0,0,0,91.4,36.2
SHELBURNE RD,SHELBURNE_RD.html,128,3,0,0,0,126.3,38.0
KATHY WY,KATHY_WY.html,662,3,0,0,0,656.5,63.1
KATRINA ST,KATRINA_ST.html,506,3,0,0,0,500.1,56.3
KILLARNEY ST,KILLARNEY_ST.html,436,3,0,0,0,433.9,52.3
KIMBERLEY CM,KIMBERLEY_CM.html,701,3,2,1,1,693.5,77.6
ARCADIA CM,ARCADIA_CM.html,54,3,0,0,0,53.0,34.4
WENTE ST,WENTE_ST.html,778,3,0,0,0,775.8,68.2
RHEA WY,RHEA_WY.html,392,3,0,0,0,391.9,50.2
BUCKSKIN RD,BUCKSKIN_RD.html,469,3,0,0,0,463.9,53.5
BURR LN,BURR_LN.html,468,3,1,1,0,468.3,65.7
SKYLINKS WY,SKYLINKS_WY.html,171,3,0,0,0,168.9,40.2
SNOWBALL CT,SNOWBALL_CT.html,98,3,0,0,0,96.8,36.9
COTTONWOOD CT,COTTONWOOD_CT.html,165,3,0,0,0,164.4,40.0
COVELLITE LN,COVELLITE_LN.html,477,3,1,1,0,475.0,60.9
COVEY WY,COVEY_WY.html,394,3,0,0,0,393.6,50.2
PRINCETON WY,PRINCETON_WY.html,597,3,0,0,0,596.4,59.5
PROVENCE CT,PROVENCE_CT.html,47,3,0,0,0,45.9,34.1
WATERFLOWER DR,WATERFLOWER_DR.html,80,3,0,0,0,78.9,35.8
WAXLAX WY,WAXLAX_WY.html,255,3,0,0,0,254.0,44.4
ARBOR AV,ARBOR_AV.html,249,3,0,0,0,246.2,43.6
HAWK ST,HAWK_ST.html,162,3,1,1,0,159.6,46.3
QUAIL CT,QUAIL_CT.html,113,3,0,0,0,112.3,37.5
POLARIS WY,POLARIS_WY.html,411,3,1,1,0,409.5,58.0
PONTE CT,PONTE_CT.html,77,3,0,0,0,76.6,35.7
DANA CT,DANA_CT.html,119,3,0,0,0,118.2,37.7
DAPHNE DR,DAPHNE_DR.html,258,3,0,0,0,256.6,44.5
PINEWOOD CM,PINEWOOD_CM.html,41,3,0,0,0,40.4,33.8
PINTO ST,PINTO_ST.html,82,3,0,0,0,81.1,35.8
PLACER CT,PLACER_CT.html,33,3,0,0,0,32.0,33.4
SORRENTO PL,SORRENTO_PL.html,90,3,0,0,0,88.4,42.6
SPARROW CT,SPARROW_CT.html,51,3,0,0,0,50.0,34.4
HEIDI WY,HEIDI_WY.html,171,3,0,0,0,170.0,40.4
LADD AV,LADD_AV.html,273,3,0,0,0,272.3,45.3
LAKE CT,LAKE_CT.html,65,3,0,0,0,64.2,35.1
HALF DOME CT,HALF_DOME_CT.html,130,3,0,0,0,129.5,38.2
HAMPSTEAD CT,HAMPSTEAD_CT.html,93,3,0,0,0,92.3,36.8
BRIGHTON WY,BRIGHTON_WY.html,477,3,0,0,0,475.9,53.8
DEBRA ST,DEBRA_ST.html,535,3,0,0,0,534.0,57.2
DEERWOOD CT,DEERWOOD_CT.html,77,3,0,0,0,76.4,35.6
PEONY DR,PEONY_DR.html,351,3,0,0,0,349.3,48.9
PEPPERWOOD CM,PEPPERWOOD_CM.html,53,3,0,0,0,52.1,34.5
DESIREE AV,DESIREE_AV.html,440,3,0,0,0,439.4,52.9
DETERT CT,DETERT_CT.html,71,3,0,0,0,70.1,35.6
DEVON PL,DEVON_PL.html,249,3,0,0,0,248.4,43.4
PARKSIDE CT,PARKSIDE_CT.html,195,3,0,0,0,193.3,41.7
PARTRIDGE CM,PARTRIDGE_CM.html,117,3,0,0,0,115.3,43.9
SPRINGTOWN OFF I580 WB,SPRINGTOWN_OFF_I580_WB.html,274,3,0,0,0,272.6,45.8
ST MARGARETS CT,ST_MARGARETS_CT.html,77,3,1,1,0,76.4,42.2
ARROYO VISTA,ARROYO_VISTA.html,484,3,2,1,1,481.9,73.7
HATTAN DR,HATTAN_DR.html,184,3,0,0,0,182.9,40.9
LANTANA AV,LANTANA_AV.html,214,3,1,1,0,213.4,48.8
LARKSPUR DR,LARKSPUR_DR.html,482,3,0,0,0,478.9,61.3
LAS POSITAS CT,LAS_POSITAS_CT.html,341,3,0,0,0,339.2,55.0
LATOUR AV,LATOUR_AV.html,304,3,0,0,0,303.6,46.4
LAURELWOOD CT,LAURELWOOD_CT.html,92,3,0,0,0,91.3,36.8
STANFORD WY,STANFORD_WY.html,1010,3,0,0,0,1006.0,78.3
STARFLOWER WY,STARFLOWER_WY.html,276,3,0,0,0,274.7,45.2
DUBLIN AV,DUBLIN_AV.html,368,3,0,0,0,366.7,49.3
ORCHID CT,ORCHID_CT.html,85,3,0,0,0,84.2,36.1
ORIOLE AV,ORIOLE_AV.html,525,3,1,1,0,521.1,62.5
ORVIETO CT,ORVIETO_CT.html,65,3,0,0,0,63.4,35.3
STERLING PL,STERLING_PL.html,140,3,0,0,0,138.8,45.2
VINTAGE CT,VINTAGE_CT.html,53,3,0,0,0,51.7,34.4
VIOLET AV,VIOLET_AV.html,60,3,0,0,0,59.3,34.9
STETSON CT,STETSON_CT.html,107,3,0,0,0,105.2,37.1
STETSON WY,STETSON_WY.html,178,3,0,0,0,177.4,40.2
BRENNAN WY,BRENNAN_WY.html,172,3,0,0,0,169.2,40.0
ECHO SUMMIT ST,ECHO_SUMMIT_ST.html,265,3,1,1,0,262.5,50.5
OAKMONT CI,OAKMONT_CI.html,710,3,0,0,0,710.2,64.3
OLD OAK PL,OLD_OAK_PL.html,58,3,0,0,0,56.8,41.1
ONYX RD,ONYX_RD.html,386,3,0,0,0,381.4,50.0
DOVE CT,DOVE_CT.html,106,3,0,0,0,105.1,36.9
DRY CREEK CT,DRY_CREEK_CT.html,83,3,0,0,0,82.0,36.0
STONY CREEK CT,STONY_CREEK_CT.html,47,3,0,0,0,46.4,34.0
BEVERLY ST,BEVERLY_ST.html,226,3,0,0,0,224.7,42.9
BLACKSTONE CM,BLACKSTONE_CM.html,27,3,0,0,0,26.4,32.9
NORFOLK RD,NORFOLK_RD.html,325,3,1,1,0,323.6,53.2
LENORE AV,LENORE_AV.html,581,3,1,1,0,580.5,65.9
LEXINGTON PL,LEXINGTON_PL.html,31,3,0,0,0,29.9,33.3
LILLIAN ST,LILLIAN_ST.html,342,3,0,0,0,337.7,48.1
VIA DEL SOL,VIA_DEL_SOL.html,448,3,0,0,0,445.3,53.4
NIELSEN LN,NIELSEN_LN.html,346,3,0,0,0,341.3,47.8
EDYTHE ST,EDYTHE_ST.html,356,3,0,0,0,355.1,49.1
EL RIO CT,EL_RIO_CT.html,67,3,0,0,0,66.2,41.5
BLUEBONNET CM,BLUEBONNET_CM.html,29,3,0,0,0,28.5,33.0
SWAN PL,SWAN_PL.html,36,3,0,0,0,35.0,33.6
EMBASSY CI,EMBASSY_CI.html,553,3,1,1,0,727.0,64.0
EMILY CT,EMILY_CT.html,71,3,1,1,0,70.4,41.8
EMILY WY,EMILY_WY.html,225,3,0,0,0,222.5,42.9
BERNAL AV,BERNAL_AV.html,301,3,0,0,0,298.5,52.1
BECK LN,BECK_LN.html,47,3,0,0,0,45.7,33.9
ERICA CT,ERICA_CT.html,53,3,0,0,0,51.8,34.5
EUCALYPTUS CT,EUCALYPTUS_CT.html,61,3,0,0,0,60.1,35.0
EVERGLADES LN,EVERGLADES_LN.html,606,3,0,0,0,601.5,61.2
MORAGA DR,MORAGA_DR.html,430,3,0,0,0,428.4,52.8
LYNDA CT,LYNDA_CT.html,30,3,0,0,0,29.1,33.2
GLASGOW CI,GLASGOW_CI.html,311,3,0,0,0,309.9,47.9
GLORIA WY,GLORIA_WY.html,156,3,1,1,0,154.3,45.9
GOLDFINCH WY,GOLDFINCH_WY.html,170,3,0,0,0,168.4,40.3
GOLDSTONE CM,GOLDSTONE_CM.html,32,3,0,0,0,30.5,33.3
HAGGIN OAKS AV,HAGGIN_OAKS_AV.html,479,3,0,0,0,476.8,54.6
MORNING GLORY RD,MORNING_GLORY_RD.html,180,3,0,0,0,177.9,40.9
MT WHITNEY ST,MT_WHITNEY_ST.html,79,3,0,0,0,78.3,35.7
MULBERRY CM,MULBERRY_CM.html,48,3,0,0,0,46.4,34.2
FENTON ST,FENTON_ST.html,307,3,0,0,0,305.9,45.8
FINDLAY WY,FINDLAY_WY.html,516,3,0,0,0,515.3,55.7
MONTAROSSA CT,MONTAROSSA_CT.html,69,3,0,0,0,67.7,35.5
MONTECITO CI,MONTECITO_CI.html,881,3,1,0,1,874.8,80.2
BELGIUM ST,BELGIUM_ST.html,80,3,0,0,0,79.2,35.7
THRASHER AV,THRASHER_AV.html,385,3,1,1,0,383.0,56.8
VERBENA CM,VERBENA_CM.html,48,3,0,0,0,47.0,34.2
LOCUST ST,LOCUST_ST.html,884,3,0,0,0,877.2,73.6
LOUIS CT,LOUIS_CT.html,90,3,0,0,0,88.5,36.4
LUCERNE ST,LUCERNE_ST.html,343,3,0,0,0,341.2,48.5
LUCILLE ST,LUCILLE_ST.html,453,3,2,1,1,450.3,65.5
MILTON WY,MILTON_WY.html,376,3,0,0,0,374.0,50.7
TILDEN WY,TILDEN_WY.html,92,3,0,0,0,89.8,36.9
TREEFLOWER DR,TREEFLOWER_DR.html,293,3,0,0,0,292.5,45.9
TRIAD PL,TRIAD_PL.html,152,3,0,0,0,150.5,46.2
FRANCINE WY,FRANCINE_WY.html,73,3,0,0,0,71.9,35.6
MARTINGALE LN,MARTINGALE_LN.html,86,3,0,0,0,84.5,36.3
MCLEAN PL,MCLEAN_PL.html,54,3,0,0,0,52.5,41.0
MEADOWOOD CM,MEADOWOOD_CM.html,267,3,0,0,0,265.6,45.0
TRIXIE DR,TRIXIE_DR.html,127,3,0,0,0,125.8,38.3
TURINO ST,TURINO_ST.html,322,3,1,1,0,318.9,53.8
MARTHA ST,MARTHA_ST.html,163,3,0,0,0,161.5,40.1
MARTIN AV,MARTIN_AV.html,410,3,0,0,0,406.6,51.5
FOSCALINA CT,FOSCALINA_CT.html,47,3,0,0,0,45.7,34.1
FOUR HILL CM,FOUR_HILL_CM.html,23,3,0,0,0,22.1,32.8
FRENCH OAK PL,FRENCH_OAK_PL.html,63,3,0,0,0,61.9,35.1
GENEVA ST,GENEVA_ST.html,385,3,0,0,0,382.5,49.9
GERALDINE ST,GERALDINE_ST.html,560,3,0,0,0,555.8,59.1
GILBERT LN,GILBERT_LN.html,151,3,0,0,0,150.5,45.8
GILLETTE PL,GILLETTE_PL.html,53,3,0,0,0,52.3,34.5
GINGER CM,GINGER_CM.html,29,3,0,0,0,27.7,33.1
MARCELLA CT,MARCELLA_CT.html,70,3,0,0,0,68.8,35.3
AVONDALE LN,AVONDALE_LN.html,137,3,0,0,0,135.7,38.8
AZORES CT,AZORES_CT.html,78,3,0,0,0,76.8,35.7
TURQUOISE WY,TURQUOISE_WY.html,431,3,0,0,0,428.8,51.8
ALYSIA CT,ALYSIA_CT.html,134,3,0,0,0,133.1,38.5
WINGED FOOT CT,WINGED_FOOT_CT.html,125,3,0,0,0,124.1,37.9
WORTHING CM,WORTHING_CM.html,280,3,0,0,0,276.8,45.6
XAVIER WY,XAVIER_WY.html,346,3,0,0,0,341.5,48.0
CAPRICONUS AV,CAPRICONUS_AV.html,360,3,0,0,0,356.9,48.9
HUMMINGBIRD LN,HUMMINGBIRD_LN.html,477,3,0,0,0,476.0,54.0
WILMA CT,WILMA_CT.html,53,3,0,0,0,52.3,34.4
WILTON RD,WILTON_RD.html,289,3,1,1,0,286.6,51.8
WINDFLOWER DR,WINDFLOWER_DR.html,337,3,0,0,0,335.2,48.1
WILLOWVIEW CT,WILLOWVIEW_CT.html,49,2,0,0,0,48.6,34.3
SARAH CT,SARAH_CT.html,62,2,0,0,0,60.9,34.8
SAPPHIRE DR,SAPPHIRE_DR.html,289,2,1,1,0,288.2,52.1
SANDSTONE CM,SANDSTONE_CM.html,27,2,0,0,0,26.2,33.0
CARMEL AV,CARMEL_AV.html,222,2,1,1,0,220.8,48.6
CARLTON PL,CARLTON_PL.html,153,2,0,0,0,152.4,38.9
WINDSOR PL,WINDSOR_PL.html,50,2,0,0,0,48.8,34.2
ACORN PL,ACORN_PL.html,124,2,0,0,0,123.4,37.3
AGNES ST,AGNES_ST.html,65,2,0,0,0,63.4,34.7
ALTAMAR CT,ALTAMAR_CT.html,39,2,0,0,0,38.1,33.3
URSLA ST,URSLA_ST.html,93,2,0,0,0,91.5,36.3
UPLAND CT,UPLAND_CT.html,88,2,0,0,0,87.2,36.2
AZURITE WY,AZURITE_WY.html,113,2,0,0,0,112.6,37.2
MARBURY RD,MARBURY_RD.html,230,2,0,0,0,227.7,42.9
MAHOGANY CT,MAHOGANY_CT.html,31,2,0,0,0,30.2,33.2
CELESTE AV,CELESTE_AV.html,305,2,0,0,0,303.4,46.4
SEA WOLF WY,SEA_WOLF_WY.html,178,2,0,0,0,176.8,40.6
SCHERMAN WY,SCHERMAN_WY.html,199,2,0,0,0,197.3,41.5
CAPRI CT,CAPRI_CT.html,149,2,0,0,0,147.8,39.1
CANDY CT,CANDY_CT.html,152,2,1,1,0,150.8,45.5
SAN MIGUEL DR,SAN_MIGUEL_DR.html,80,2,0,0,0,79.2,35.9
SAN MARCO ST,SAN_MARCO_ST.html,89,2,0,0,0,87.6,36.1
GAMAY CM,GAMAY_CM.html,176,2,0,0,0,175.0,40.3
GERRILYN WY,GERRILYN_WY.html,143,2,0,0,0,142.3,39.0
MACKENZIE CT,MACKENZIE_CT.html,62,2,0,0,0,61.0,35.1
AURA CM,AURA_CM.html,338,2,1,0,1,335.3,54.3
AUDRY ST,AUDRY_ST.html,64,2,0,0,0,63.4,34.8
AUBURN ST,AUBURN_ST.html,173,2,1,1,0,171.3,46.2
GALE ST,GALE_ST.html,180,2,0,0,0,179.0,40.8
JENNIFER DR,JENNIFER_DR.html,237,2,0,0,0,235.8,43.4
JASPER CT,JASPER_CT.html,25,2,0,0,0,24.3,32.8
JANET CT,JANET_CT.html,111,2,0,0,0,109.9,37.3
JAMI CT,JAMI_CT.html,68,2,0,0,0,67.0,35.1
HOLLY CM,HOLLY_CM.html,64,2,0,0,0,63.0,34.9
CHARMONT CT,CHARMONT_CT.html,28,2,0,0,0,27.0,32.8
S G ST,S_G_ST.html,401,2,0,0,0,419.8,51.2
CHAPARRAL WY,CHAPARRAL_WY.html,95,2,0,0,0,93.4,36.3
MARIPOSA AV,MARIPOSA_AV.html,220,2,0,0,0,217.4,42.6
MARCIA CT,MARCIA_CT.html,115,2,0,0,0,114.2,37.7
MEDINA ST,MEDINA_ST.html,189,2,1,1,0,187.9,47.4
MEADOWLARK ST,MEADOWLARK_ST.html,467,2,0,0,0,463.5,53.3
MCLEOD ST,MCLEOD_ST.html,827,2,0,0,0,849.0,71.3
MCGLINCHEY DR,MCGLINCHEY_DR.html,130,2,0,0,0,128.3,38.3
MARYLIN AV,MARYLIN_AV.html,375,2,0,0,0,371.5,49.4
MARY LOU WY,MARY_LOU_WY.html,94,2,0,0,0,93.5,36.6
FREEDA CT,FREEDA_CT.html,150,2,0,0,0,149.6,45.6
ROSELLI DR,ROSELLI_DR.html,388,2,1,0,1,383.0,56.7
ROLLINGSTONE CM,ROLLINGSTONE_CM.html,27,2,0,0,0,26.2,32.9
ROCKROSE ST,ROCKROSE_ST.html,216,2,1,1,0,214.6,48.9
ROBIN CM,ROBIN_CM.html,59,2,0,0,0,58.0,34.7
CITRINE PL,CITRINE_PL.html,74,2,0,0,0,73.0,35.4
CINNABAR DR,CINNABAR_DR.html,291,2,1,1,0,289.3,52.1
RYAN ST,RYAN_ST.html,148,2,0,0,0,146.4,39.0
IRONSTONE CM,IRONSTONE_CM.html,31,2,0,0,0,29.6,33.2
JOAN WY,JOAN_WY.html,80,2,0,0,0,79.2,35.8
FONTANA ST,FONTANA_ST.html,79,2,0,0,0,78.2,42.3
FLUORITE CT,FLUORITE_CT.html,75,2,0,0,0,73.2,35.4
MESQUITE WY,MESQUITE_WY.html,346,2,0,0,0,344.4,48.5
MERRITT LN,MERRITT_LN.html,120,2,0,0,0,118.3,38.1
MERCURY RD,MERCURY_RD.html,411,2,0,0,0,406.6,52.0
MEDOLLA CT,MEDOLLA_CT.html,62,2,0,0,0,60.9,34.9
COLEEN ST,COLEEN_ST.html,406,2,0,0,0,401.7,50.9
CALIMANCO CM,CALIMANCO_CM.html,31,2,0,0,0,30.3,33.0
CALIFORNIA WY,CALIFORNIA_WY.html,597,2,0,0,0,596.2,59.2
JUSTINE CT,JUSTINE_CT.html,168,2,0,0,0,165.4,40.4
JULIE ST,JULIE_ST.html,234,2,0,0,0,233.4,42.9
AMY CT,AMY_CT.html,34,2,0,0,0,32.7,33.2
AMES ST,AMES_ST.html,431,2,1,1,0,427.3,58.5
WHITE OAK PL,WHITE_OAK_PL.html,48,2,0,0,0,47.2,34.2
SHAMROCK WY,SHAMROCK_WY.html,109,2,0,0,0,108.0,37.2
TINA WY,TINA_WY.html,184,2,0,0,0,183.3,40.8
BATAVIA AV,BATAVIA_AV.html,316,2,0,0,0,314.5,46.6
MIRAMONTE LN,MIRAMONTE_LN.html,139,2,0,0,0,138.2,38.8
FORESTER CT,FORESTER_CT.html,64,2,0,0,0,62.8,35.1
FORDHAM WY,FORDHAM_WY.html,336,2,0,0,0,333.5,47.9
BANNOCK ST,BANNOCK_ST.html,279,2,0,0,0,277.0,44.6
SHERRY CT,SHERRY_CT.html,116,2,0,0,0,114.6,37.5
WESTMINSTER WY,WESTMINSTER_WY.html,239,2,0,0,0,238.1,43.7
KENNEDY ST,KENNEDY_ST.html,700,2,1,0,1,696.1,71.4
HILLFLOWER DR,HILLFLOWER_DR.html,279,2,0,0,0,278.2,45.2
HILLCREST CT,HILLCREST_CT.html,311,2,1,1,0,309.7,52.7
CHIANTI CT,CHIANTI_CT.html,37,2,0,0,0,36.2,33.3
RIDGECREST WY,RIDGECREST_WY.html,155,2,0,0,0,153.9,39.5
LOGAN ST,LOGAN_ST.html,121,2,0,0,0,118.6,37.8
VENTURA AV,VENTURA_AV.html,605,2,0,0,0,602.7,60.6
AVENIDA DE LAS PALMAS,AVENIDA_DE_LAS_PALMAS.html,255,2,0,0,0,252.8,44.1
TERRY LN,TERRY_LN.html,82,2,0,0,0,81.1,36.0
COMANCHE CT,COMANCHE_CT.html,68,2,0,0,0,67.3,34.9
COLUSA WY,COLUSA_WY.html,688,2,0,0,0,683.7,63.6
CODIROLI WY,CODIROLI_WY.html,133,2,0,0,0,132.6,38.2
COBBLESTONE CM,COBBLESTONE_CM.html,27,2,0,0,0,26.3,32.8
CLIMBING ROSE CM,CLIMBING_ROSE_CM.html,30,2,0,0,0,29.2,32.9
REGULUS RD,REGULUS_RD.html,388,2,0,0,0,387.0,50.5
BUCKEYE DR,BUCKEYE_DR.html,445,2,0,0,0,441.7,52.9
SHOREHAVEN CI,SHOREHAVEN_CI.html,461,2,0,0,0,460.2,53.4
SHOEMAKER CT,SHOEMAKER_CT.html,40,2,0,0,0,39.2,33.7
SOAPSTONE CM,SOAPSTONE_CM.html,25,2,0,0,0,23.9,32.8
SNIDER CT,SNIDER_CT.html,48,2,0,0,0,47.0,34.2
SIRAH CT,SIRAH_CT.html,38,2,0,0,0,36.9,33.6
SILVERSTONE CM,SILVERSTONE_CM.html,30,2,0,0,0,28.7,33.1
BURGESS ST,BURGESS_ST.html,232,2,1,1,0,228.3,48.5
BUENA VISTA AV,BUENA_VISTA_AV.html,24,2,0,0,0,22.8,32.5
REDONDO WY,REDONDO_WY.html,293,2,0,0,0,291.9,45.9
RAVENNA ST,RAVENNA_ST.html,96,2,0,0,0,95.6,36.7
QUARTZ CI,QUARTZ_CI.html,505,2,2,1,1,502.2,68.3
CORDOBA ST,CORDOBA_ST.html,239,2,0,0,0,235.9,43.1
CONTRACTORS ST,CONTRACTORS_ST.html,222,2,0,0,0,220.9,42.5
MOLLIE CI,MOLLIE_CI.html,319,2,1,1,0,317.1,53.4
MOHAWK DR,MOHAWK_DR.html,288,2,0,0,0,287.7,45.1
FIRENZA CT,FIRENZA_CT.html,79,2,0,0,0,77.8,35.6
FELDSPAR CT,FELDSPAR_CT.html,73,2,0,0,0,71.6,35.4
FAWN DR,FAWN_DR.html,118,2,0,0,0,116.9,37.7
FARMINGTON WY,FARMINGTON_WY.html,263,2,0,0,0,261.7,45.1
FAIRWAY CT,FAIRWAY_CT.html,86,2,0,0,0,85.3,36.2
MOSSWOOD CT,MOSSWOOD_CT.html,83,2,0,0,0,81.3,36.1
MOSELLE CT,MOSELLE_CT.html,83,2,0,0,0,81.6,35.8
GOLDEN CREST CM,GOLDEN_CREST_CM.html,31,2,0,0,0,30.1,33.2
GLADIOLUS CT,GLADIOLUS_CT.html,107,2,0,0,0,105.9,37.3
ELIOT DR,ELIOT_DR.html,82,2,0,0,0,80.8,35.9
EVE LN,EVE_LN.html,263,2,0,0,0,261.8,44.7
EVANS PL,EVANS_PL.html,60,2,0,0,0,59.4,34.7
BEECH CM,BEECH_CM.html,30,2,0,0,0,28.5,32.9
HIBISCUS WY,HIBISCUS_WY.html,426,2,0,0,0,424.4,52.4
HAYES CT,HAYES_CT.html,103,2,0,0,0,101.9,37.0
HAWTHORNE PL,HAWTHORNE_PL.html,150,2,0,0,0,149.1,39.3
KNOLL CT,KNOLL_CT.html,72,2,0,0,0,70.9,35.6
KIRSTEN WY,KIRSTEN_WY.html,89,2,0,0,0,88.4,36.1
KINO WY,KINO_WY.html,80,2,0,0,0,79.3,35.7
KINGLET RD,KINGLET_RD.html,343,2,1,1,0,340.9,54.3
ARABIAN RD,ARABIAN_RD.html,300,2,1,1,0,297.6,51.9
ANNA MARIA ST,ANNA_MARIA_ST.html,1019,2,1,1,0,1011.2,84.4
WAYLAND LP,WAYLAND_LP.html,444,2,0,0,0,441.0,53.5
PRIMROSE LN,PRIMROSE_LN.html,187,2,0,0,0,186.5,41.1
POTENZA CT,POTENZA_CT.html,69,2,0,0,0,68.0,35.4
TENNYSON DR,TENNYSON_DR.html,101,2,0,0,0,99.7,37.1
TEAGARDEN CM,TEAGARDEN_CM.html,49,2,0,0,0,48.0,34.2
TAPESTRY CT,TAPESTRY_CT.html,27,2,0,0,0,25.9,33.0
TANAGER WY,TANAGER_WY.html,82,2,0,0,0,81.1,35.7
TAMMY CT,TAMMY_CT.html,38,2,0,0,0,37.2,33.6
BERWIND AV,BERWIND_AV.html,152,2,0,0,0,150.8,39.1
N OAK ST,N_OAK_ST.html,113,2,0,0,0,111.7,37.5
EMERALD ST,EMERALD_ST.html,380,2,1,1,0,379.0,56.5
ELSA CM,ELSA_CM.html,57,2,0,0,0,56.4,34.6
BERKSHIRE AV,BERKSHIRE_AV.html,72,2,0,0,0,71.5,35.1
DARTMOUTH WY,DARTMOUTH_WY.html,526,2,0,0,0,524.8,56.0
CORNFLOWER CM,CORNFLOWER_CM.html,28,2,0,0,0,27.0,32.8
POMONA CT,POMONA_CT.html,45,2,0,0,0,43.9,34.0
CROSS CREEK PL,CROSS_CREEK_PL.html,93,2,0,0,0,91.9,36.4
PYRITE CT,PYRITE_CT.html,51,2,0,0,0,50.0,34.4
SWALLOW DR,SWALLOW_DR.html,412,2,1,1,0,408.1,57.7
BLUFFS CT,BLUFFS_CT.html,125,2,0,0,0,123.7,37.9
EL RANCHO DR,EL_RANCHO_DR.html,497,2,0,0,0,496.3,55.7
EL DORADO CT,EL_DORADO_CT.html,56,2,0,0,0,54.5,34.3
EL CAPITAN CT,EL_CAPITAN_CT.html,120,2,0,0,0,119.2,37.5
EDNA CT,EDNA_CT.html,43,2,0,0,0,42.1,33.7
NIAGARA DR,NIAGARA_DR.html,241,2,0,0,0,236.4,43.0
NEWHALL WY,NEWHALL_WY.html,266,2,1,1,0,263.2,50.7
VILLAGE CT,VILLAGE_CT.html,76,2,0,0,0,75.5,35.7
VICTORIA CT,VICTORIA_CT.html,56,2,0,0,0,54.8,34.8
VIANO WY,VIANO_WY.html,88,2,0,0,0,87.1,36.3
HAMPTON PL,HAMPTON_PL.html,39,2,0,0,0,38.1,34.0
KYLE CM,KYLE_CM.html,105,2,0,0,0,104.4,37.2
SPLITRAIL CT,SPLITRAIL_CT.html,87,2,1,1,0,85.8,42.5
SOUTHFRONT ON I580 EB,SOUTHFRONT_ON_I580_EB.html,399,2,0,0,0,398.2,52.1
SOUTHFRONT OFF I580 EB,SOUTHFRONT_OFF_I580_EB.html,395,2,0,0,0,394.8,57.3
SOUTHFRONT LN,SOUTHFRONT_LN.html,96,2,0,0,0,95.6,36.9
VIA SEVILLE,VIA_SEVILLE.html,212,2,0,0,0,210.2,42.3
VIA JOSE,VIA_JOSE.html,170,2,0,0,0,168.5,40.3
LINWOOD CM,LINWOOD_CM.html,59,2,0,0,0,57.7,34.8
LINDBERGH AV,LINDBERGH_AV.html,856,2,2,0,2,856.0,78.8
LIDO DR,LIDO_DR.html,489,2,0,0,0,486.9,55.6
LIBRA CT,LIBRA_CT.html,104,2,0,0,0,102.4,37.1
NELDA WY,NELDA_WY.html,94,2,0,0,0,93.3,36.6
DUKE WY,DUKE_WY.html,238,2,0,0,0,236.6,43.3
NORMANDY CT,NORMANDY_CT.html,53,2,0,0,0,52.4,34.3
NOKOTA CM,NOKOTA_CM.html,375,2,0,0,0,373.7,50.2
ELAINE AV,ELAINE_AV.html,499,2,0,0,0,496.3,55.3
BLACKOAK CT,BLACKOAK_CT.html,67,2,0,0,0,65.8,35.0
SUNFLOWER CT,SUNFLOWER_CT.html,842,2,0,0,0,835.9,71.5
SUNBURST LN,SUNBURST_LN.html,177,2,0,0,0,176.3,40.6
SUMMERHOUSE CM,SUMMERHOUSE_CM.html,42,2,0,0,0,41.3,33.8
BRIARWOOD CT,BRIARWOOD_CT.html,98,2,0,0,0,97.2,36.6
DOOLAN RD,DOOLAN_RD.html,654,2,0,0,0,650.0,63.4
BRESSO CT,BRESSO_CT.html,119,2,0,0,0,117.9,37.5
ARMSTRONG ST,ARMSTRONG_ST.html,343,2,0,0,0,340.4,54.6
GREENS CT,GREENS_CT.html,88,2,0,0,0,87.7,36.3
GREENHILLS CT,GREENHILLS_CT.html,50,2,0,0,0,48.7,34.2
DAHLIA CM,DAHLIA_CM.html,26,2,0,0,0,24.7,32.7
CYPRESS POINT DR,CYPRESS_POINT_DR.html,169,2,0,0,0,168.2,39.8
PICKFAIR LN,PICKFAIR_LN.html,309,2,0,0,0,308.2,47.7
PHYLLIS CT,PHYLLIS_CT.html,106,2,0,0,0,105.1,36.9
PHLOX WY,PHLOX_WY.html,80,2,0,0,0,79.2,35.7
PESTANA PL,PESTANA_PL.html,35,2,0,0,0,33.5,33.4
PESARO WY,PESARO_WY.html,133,2,0,0,0,132.6,38.5
BROADMOOR CT,BROADMOOR_CT.html,38,2,0,0,0,36.6,33.3
GRAPE LEAF LN,GRAPE_LEAF_LN.html,88,2,0,0,0,132.2,36.2
LEE AV,LEE_AV.html,430,2,0,0,0,424.8,52.3
LEE ANN CI,LEE_ANN_CI.html,284,2,0,0,0,283.5,45.3
LEAHY WY,LEAHY_WY.html,822,2,2,1,1,818.3,82.8
LE BLANC CT,LE_BLANC_CT.html,31,2,0,0,0,29.8,33.1
LAWSON CT,LAWSON_CT.html,53,2,0,0,0,51.8,40.8
VINE CT,VINE_CT.html,98,2,0,0,0,97.4,36.7
VILLAGE GREEN DR,VILLAGE_GREEN_DR.html,165,2,0,0,0,164.1,39.8
STERLING CT,STERLING_CT.html,49,2,0,0,0,48.3,40.7
DELAWARE WY,DELAWARE_WY.html,646,2,0,0,0,640.9,62.2
OVERLAKE AV,OVERLAKE_AV.html,65,2,0,0,0,63.9,35.1
ORION CT,ORION_CT.html,66,2,0,0,0,64.9,34.9
SPRINGTIME CM,SPRINGTIME_CM.html,47,2,0,0,0,46.3,40.4
PARKVIEW CM,PARKVIEW_CM.html,233,2,0,0,0,232.2,43.3
PALM AV,PALM_AV.html,547,2,0,0,0,540.8,57.8
PACIFIC AV,PACIFIC_AV.html,709,2,0,0,0,703.6,64.2
DIAMOND CT,DIAMOND_CT.html,82,2,0,0,0,81.3,35.8
DE SOTO WY,DE_SOTO_WY.html,260,2,1,1,0,257.7,50.5
DAWN ST,DAWN_ST.html,238,2,0,0,0,236.1,42.8
PEPPERTREE PL,PEPPERTREE_PL.html,96,2,0,0,0,95.1,36.7
ORANGE WY,ORANGE_WY.html,109,2,0,0,0,108.6,37.3
LAMBETH RD,LAMBETH_RD.html,140,2,0,0,0,137.5,39.1
LAKEHURST RD,LAKEHURST_RD.html,311,2,1,1,0,308.3,52.8
HARVARD CT,HARVARD_CT.html,78,2,0,0,0,76.8,35.6
ASPEN CT,ASPEN_CT.html,52,2,0,0,0,50.4,34.1
STACY CT,STACY_CT.html,36,2,0,0,0,35.0,33.4
SPYGLASS HILLS RD,SPYGLASS_HILLS_RD.html,278,2,0,0,0,273.3,45.0
ABALONE PL,ABALONE_PL.html,71,2,0,0,0,70.5,34.8
WILLIAM DR,WILLIAM_DR.html,242,2,0,0,0,239.4,43.4
ANDALUCIA ST,ANDALUCIA_ST.html,82,2,0,0,0,81.1,35.8
INDIGO CM,INDIGO_CM.html,27,2,0,0,0,26.1,32.9
HUDSON WY,HUDSON_WY.html,398,2,0,0,0,396.2,50.3
CARLSBAD CT,CARLSBAD_CT.html,37,2,0,0,0,36.0,33.4
CARLA ST,CARLA_ST.html,337,2,0,0,0,335.3,48.0
ZINNIA CT,ZINNIA_CT.html,122,2,0,0,0,121.3,37.9
ZINFANDEL CT,ZINFANDEL_CT.html,34,2,0,0,0,33.2,33.3
ZERMATT ST,ZERMATT_ST.html,84,2,0,0,0,83.6,36.0
ZEPPELIN DR,ZEPPELIN_DR.html,94,2,1,1,0,92.6,42.7
ZEPHYR PL,ZEPHYR_PL.html,51,2,0,0,0,50.4,34.3
HOLLICE CT,HOLLICE_CT.html,111,2,0,0,0,109.6,37.3
HILLSTONE DR,HILLSTONE_DR.html,164,2,0,0,0,161.6,40.3
JACQUILINE WY,JACQUILINE_WY.html,244,2,0,0,0,242.2,43.6
CASCATA CT,CASCATA_CT.html,56,2,0,0,0,55.0,34.4
SAUVIGNON CT,SAUVIGNON_CT.html,37,2,0,0,0,36.2,33.4
CATALINA CT,CATALINA_CT.html,137,1,0,0,0,132.9,38.0
S R ST,S_R_ST.html,86,1,0,0,0,85.3,36.1
ISABEL OFF I580 WB,ISABEL_OFF_I580_WB.html,760,1,1,0,1,760.4,75.4
IVORY PL,IVORY_PL.html,28,1,0,0,0,26.8,32.8
HILLSTONE CT,HILLSTONE_CT.html,63,1,0,0,0,62.0,34.8
HOLLICE LN,HOLLICE_LN.html,396,1,0,0,0,391.7,49.9
ALGONQUIN AV,ALGONQUIN_AV.html,249,1,0,0,0,244.9,42.9
ALMADEN CT,ALMADEN_CT.html,89,1,0,0,0,88.3,36.1
CARDINAL DR,CARDINAL_DR.html,223,1,0,0,0,220.0,42.4
HUMBOLDT WY,HUMBOLDT_WY.html,395,1,0,0,0,394.0,50.3
HURON RD,HURON_RD.html,54,1,0,0,0,53.0,34.4
IDA CT,IDA_CT.html,31,1,0,0,0,30.2,33.0
INNSBRUCK ST,INNSBRUCK_ST.html,488,1,0,0,0,485.1,54.5
ANDREA CT,ANDREA_CT.html,92,1,0,0,0,91.4,36.2
ANN CT,ANN_CT.html,117,1,0,0,0,115.3,37.2
SPRUCE ST,SPRUCE_ST.html,566,1,0,0,0,564.0,58.7
ST CHARLES CT,ST_CHARLES_CT.html,85,1,0,0,0,83.8,36.2
ST MARY DR,ST_MARY_DR.html,201,1,0,0,0,200.0,41.2
ASBURY CT,ASBURY_CT.html,45,1,0,0,0,44.3,33.6
ASTI CT,ASTI_CT.html,120,1,0,0,0,118.5,37.6
HARVEST PL,HARVEST_PL.html,73,1,0,0,0,71.3,35.4
LAMBAREN AV,LAMBAREN_AV.html,599,1,0,0,0,596.0,60.1
LASSEN RD,LASSEN_RD.html,173,1,0,0,0,170.6,40.7
STADIUM WY,STADIUM_WY.html,62,1,0,0,0,61.0,34.9
PAVO CT,PAVO_CT.html,92,1,0,0,0,90.7,36.1
PEDROZZI CM,PEDROZZI_CM.html,284,1,0,0,0,283.4,45.7
PEGASUS CM,PEGASUS_CM.html,185,1,0,0,0,181.9,41.0
DIANE CT,DIANE_CT.html,32,1,0,0,0,30.5,32.8
PAULA CT,PAULA_CT.html,37,1,0,0,0,35.6,33.4
BROOKDALE CT,BROOKDALE_CT.html,69,1,0,0,0,68.6,34.9
BROOKFIELD DR,BROOKFIELD_DR.html,385,1,0,0,0,384.2,49.6
BROOKVIEW CT,BROOKVIEW_CT.html,97,1,0,0,0,96.2,36.4
ORCHARD WY,ORCHARD_WY.html,82,1,0,0,0,81.1,35.9
ORINDA CT,ORINDA_CT.html,26,1,0,0,0,24.7,32.7
OSLO CT,OSLO_CT.html,95,1,0,0,0,93.9,36.6
LE HAVRE CT,LE_HAVRE_CT.html,47,1,0,0,0,45.6,33.8
ATHOS CM,ATHOS_CM.html,49,1,0,0,0,46.9,34.0
BRIDGEPORT CI,BRIDGEPORT_CI.html,503,1,0,0,0,502.5,55.0
BRIDLE CT,BRIDLE_CT.html,173,1,0,0,0,171.3,40.3
BRITTANY PL,BRITTANY_PL.html,37,1,0,0,0,36.3,33.2
DEL NORTE CT,DEL_NORTE_CT.html,18,1,0,0,0,16.8,32.1
DAFFODIL WY,DAFFODIL_WY.html,270,1,1,0,1,266.7,50.8
DAISY LN,DAISY_LN.html,199,1,0,0,0,198.1,41.2
DAISYFIELD CT,DAISYFIELD_CT.html,58,1,0,0,0,57.3,34.4
GROSVENOR HEIGHTS CT,GROSVENOR_HEIGHTS_CT.html,52,1,0,0,0,50.8,34.4
GUILFORD PL,GUILFORD_PL.html,60,1,0,0,0,58.8,34.6
BOBWHITE RD,BOBWHITE_RD.html,74,1,0,0,0,72.6,35.3
BODEGA AV,BODEGA_AV.html,80,1,0,0,0,79.2,35.4
BOEING CT,BOEING_CT.html,117,1,0,0,0,116.5,37.3
BORDEAUX ST,BORDEAUX_ST.html,339,1,0,0,0,336.4,47.6
BRANSON WY,BRANSON_WY.html,205,1,0,0,0,202.5,42.0
OLD TOWER RD,OLD_TOWER_RD.html,305,1,0,0,0,302.3,46.5
SUNDOWN RD,SUNDOWN_RD.html,39,1,0,0,0,37.6,33.5
LEONA DR,LEONA_DR.html,370,1,0,0,0,368.4,49.1
LILAC AV,LILAC_AV.html,472,1,0,0,0,471.7,53.8
SONOMA CT,SONOMA_CT.html,120,1,0,0,0,118.6,37.7
SPRINGHAVEN ST,SPRINGHAVEN_ST.html,38,1,0,0,0,36.6,33.4
HELEN WY,HELEN_WY.html,272,1,0,0,0,271.1,45.0
HELGA CT,HELGA_CT.html,54,1,0,0,0,53.3,34.4
LA CRESTA CT,LA_CRESTA_CT.html,56,1,0,0,0,54.6,34.4
LA PRADA CT,LA_PRADA_CT.html,56,1,0,0,0,54.6,34.4
LAGRANGE CT,LAGRANGE_CT.html,57,1,0,0,0,56.0,34.6
HALIFAX RD,HALIFAX_RD.html,82,1,0,0,0,81.1,36.0
HARDING AV,HARDING_AV.html,202,1,0,0,0,200.7,42.0
HARTFORD AV,HARTFORD_AV.html,411,1,0,0,0,410.0,50.8
VILANA ST,VILANA_ST.html,296,1,1,0,1,291.3,52.6
NICOBRIA LN,NICOBRIA_LN.html,34,1,0,0,0,32.8,33.2
EGRET RD,EGRET_RD.html,323,1,0,0,0,320.1,47.2
BLUEGRASS CT,BLUEGRASS_CT.html,66,1,0,0,0,65.1,34.9
TAHOE CT,TAHOE_CT.html,41,1,0,0,0,39.4,33.7
CRANE AV,CRANE_AV.html,252,1,1,0,1,250.1,49.5
CREEK RD,CREEK_RD.html,280,1,0,0,0,277.4,44.7
CROSSROADS PL,CROSSROADS_PL.html,85,1,0,0,0,83.8,35.6
POPLAR CT,POPLAR_CT.html,71,1,0,0,0,69.4,35.4
POPPY WY,POPPY_WY.html,64,1,0,0,0,63.1,34.9
CORONADO CT,CORONADO_CT.html,56,1,0,0,0,54.6,34.2
CORTE CAVA,CORTE_CAVA.html,82,1,0,0,0,80.4,35.6
DAKOTA CT,DAKOTA_CT.html,68,1,0,0,0,67.3,34.8
PINON CT,PINON_CT.html,47,1,0,0,0,45.7,34.0
PLACENZA ST,PLACENZA_ST.html,155,1,0,0,0,152.1,39.1
PLEASANT AV,PLEASANT_AV.html,164,1,0,0,0,163.1,39.5
BENTLEY PL,BENTLEY_PL.html,29,1,0,0,0,28.4,32.8
NADINE ST,NADINE_ST.html,376,1,0,0,0,374.1,50.0
NAPA CT,NAPA_CT.html,58,1,0,0,0,57.1,34.6
NB AIRWAY ON I580 EB,NB_AIRWAY_ON_I580_EB.html,98,1,0,0,0,97.7,37.1
BERLIN WY,BERLIN_WY.html,351,1,1,0,1,347.0,55.0
BAYLOR WY,BAYLOR_WY.html,234,1,0,0,0,233.8,42.6
PRESTON CT,PRESTON_CT.html,106,1,0,0,0,103.3,37.1
PURDUE WY,PURDUE_WY.html,204,1,0,0,0,203.3,41.4
WALKER PL,WALKER_PL.html,111,1,0,0,0,109.4,37.4
HAZEL ST,HAZEL_ST.html,826,1,0,0,0,822.0,70.8
FERNBROOK CM,FERNBROOK_CM.html,36,1,0,0,0,35.4,33.3
ESSEX ST,ESSEX_ST.html,363,1,0,0,0,359.6,48.9
LISBON AV,LISBON_AV.html,408,1,0,0,0,406.3,51.1
LIVORNO CT,LIVORNO_CT.html,73,1,0,0,0,72.2,35.3
LIVORNO ST,LIVORNO_ST.html,193,1,0,0,0,190.2,40.9
LOBELIA CT,LOBELIA_CT.html,85,1,0,0,0,84.2,35.8
GLENWOOD CT,GLENWOOD_CT.html,37,1,0,0,0,36.3,33.5
GLENWOOD ST,GLENWOOD_ST.html,144,1,0,0,0,142.5,39.0
LEEDS CT,LEEDS_CT.html,87,1,0,0,0,85.6,36.4
LELAND CT,LELAND_CT.html,26,1,0,0,0,25.4,32.7
FAIRVIEW CT,FAIRVIEW_CT.html,56,1,0,0,0,55.1,34.4
FIRST OFF I580 WB,FIRST_OFF_I580_WB.html,277,1,1,1,0,276.3,51.4
MISTY LN,MISTY_LN.html,93,1,0,0,0,92.3,36.7
MITRA ST,MITRA_ST.html,86,1,0,0,0,84.6,35.9
MOCHO ST,MOCHO_ST.html,474,1,0,0,0,472.1,53.8
MODOC PL,MODOC_PL.html,50,1,0,0,0,49.4,34.2
MOJAVE AV,MOJAVE_AV.html,301,1,0,0,0,300.0,46.6
CONTRACTORS CM,CONTRACTORS_CM.html,227,1,0,0,0,225.6,42.6
RACHELLE ST,RACHELLE_ST.html,129,1,0,0,0,127.3,37.9
RADCLIFFE RD,RADCLIFFE_RD.html,73,1,0,0,0,71.6,35.3
SKYLINKS CT,SKYLINKS_CT.html,102,1,0,0,0,101.2,36.7
CORTE GLORIETA,CORTE_GLORIETA.html,97,1,0,0,0,95.9,36.4
SILVER OAKS ST,SILVER_OAKS_ST.html,80,1,0,0,0,78.9,35.7
BUCKSKIN CT,BUCKSKIN_CT.html,50,1,0,0,0,49.4,33.9
REGINALD CT,REGINALD_CT.html,42,1,0,0,0,40.9,33.8
REGULUS CT,REGULUS_CT.html,52,1,0,0,0,51.0,34.2
RHODODENDRON CT,RHODODENDRON_CT.html,35,1,0,0,0,34.0,33.4
CLEVIS CM,CLEVIS_CM.html,228,1,0,0,0,287.9,42.7
COMPTON CT,COMPTON_CT.html,169,1,0,0,0,168.0,39.5
MOLLIE CT,MOLLIE_CT.html,49,1,0,0,0,47.7,34.1
MONTCLAIR CT,MONTCLAIR_CT.html,75,1,0,0,0,74.2,35.4
MOONFLOWER WY,MOONFLOWER_WY.html,196,1,0,0,0,195.2,41.3
BELFAST CT,BELFAST_CT.html,98,1,0,0,0,96.6,36.6
BELLA VISTA PL,BELLA_VISTA_PL.html,155,1,0,0,0,153.4,39.2
TETON CT,TETON_CT.html,43,1,0,0,0,42.1,33.8
VEGA RD,VEGA_RD.html,59,1,0,0,0,58.2,34.5
VENUS WY,VENUS_WY.html,414,1,0,0,0,413.4,51.8
VERDITE ST,VERDITE_ST.html,127,1,0,0,0,126.1,38.0
GRAHAM CT,GRAHAM_CT.html,67,1,0,0,0,66.2,34.9
LONDON WY,LONDON_WY.html,40,1,0,0,0,38.6,33.5
LORREN CT,LORREN_CT.html,37,1,0,0,0,35.7,33.5
CINDY CT,CINDY_CT.html,75,1,0,0,0,73.6,35.3
CALL OF THE WILD CT,CALL_OF_THE_WILD_CT.html,102,1,0,0,0,101.0,36.6
HIGH CASTLE CT,HIGH_CASTLE_CT.html,40,1,0,0,0,39.2,33.7
KEELER CT,KEELER_CT.html,53,1,0,0,0,51.8,34.2
KENT CT,KENT_CT.html,45,1,0,0,0,44.3,33.8
KEYSTONE WY,KEYSTONE_WY.html,349,1,0,0,0,348.7,48.8
KIM CT,KIM_CT.html,24,1,0,0,0,22.8,32.6
ARIES CT,ARIES_CT.html,105,1,0,0,0,103.6,36.8
SHELLEY ST,SHELLEY_ST.html,463,1,1,1,0,455.9,59.2
LORREN WY,LORREN_WY.html,331,1,0,0,0,327.0,47.6
LYDIA CT,LYDIA_CT.html,60,1,0,0,0,59.4,34.6
TIFFIN PL,TIFFIN_PL.html,59,1,0,0,0,57.9,34.7
TIGER LILY CM,TIGER_LILY_CM.html,57,1,0,0,0,56.3,34.6
MICHELL ST,MICHELL_ST.html,274,1,0,0,0,271.0,45.4
MIMOSA CT,MIMOSA_CT.html,29,1,0,0,0,28.0,32.9
MIRALOMA ST,MIRALOMA_ST.html,180,1,0,0,0,177.8,40.2
MIRANDA WY,MIRANDA_WY.html,344,1,0,0,0,343.2,48.4
BARCELONA ST,BARCELONA_ST.html,237,1,0,0,0,235.8,42.8
TOPAZ WY,TOPAZ_WY.html,203,1,0,0,0,202.1,41.6
SEQUOIA DR,SEQUOIA_DR.html,80,1,0,0,0,78.9,35.6
CAIRO ST,CAIRO_ST.html,237,1,0,0,0,235.5,42.6
CALAIS AV,CALAIS_AV.html,178,1,0,0,0,175.9,40.6
AMBER WY,AMBER_WY.html,409,1,0,0,0,404.1,50.6
JUDITH WY,JUDITH_WY.html,78,1,0,0,0,76.7,35.8
HERCULES CT,HERCULES_CT.html,92,1,0,0,0,90.7,36.1
CALCITE CT,CALCITE_CT.html,59,1,0,0,0,57.6,34.3
TOURMALINE CT,TOURMALINE_CT.html,42,1,0,0,0,41.3,33.6
TREVARNO RD,TREVARNO_RD.html,282,1,1,1,0,280.9,52.1
TRIAD DR,TRIAD_DR.html,135,1,0,0,0,134.2,38.7
TRINITY CI,TRINITY_CI.html,185,1,0,0,0,183.6,40.7
MELANIE CT,MELANIE_CT.html,16,1,0,0,0,15.2,32.1
MENDENHALL DR,MENDENHALL_DR.html,206,1,0,0,0,203.8,41.7
MERITAGE CM,MERITAGE_CM.html,312,1,0,0,0,311.0,47.7
MERRITT PL,MERRITT_PL.html,86,1,0,0,0,85.3,36.1
FLORIDA CT,FLORIDA_CT.html,137,1,0,0,0,136.2,38.5
FONTONETT PL,FONTONETT_PL.html,45,1,0,0,0,44.1,33.8
CHATSWORTH ST,CHATSWORTH_ST.html,47,1,0,0,0,46.1,33.8
ROVELLO LP,ROVELLO_LP.html,340,1,0,0,0,335.2,48.2
CAYUGA DR,CAYUGA_DR.html,160,1,0,0,0,158.2,39.2
ROMA CT,ROMA_CT.html,36,1,0,0,0,35.4,33.3
ROUNDHILL PL,ROUNDHILL_PL.html,36,1,0,0,0,34.5,33.7
CHARLOTTE CM,CHARLOTTE_CM.html,338,1,1,0,1,331.8,54.3
CANARY CT,CANARY_CT.html,92,1,0,0,0,90.8,36.3
FOXTAIL DR,FOXTAIL_DR.html,108,1,0,0,0,106.9,37.0
FRANC CM,FRANC_CM.html,33,1,0,0,0,32.3,33.2
FRANKFURT WY,FRANKFURT_WY.html,459,1,0,0,0,454.7,54.4
MAYVIEW WY,MAYVIEW_WY.html,493,1,0,0,0,492.7,55.6
MARIGOLD CT,MARIGOLD_CT.html,31,1,0,0,0,30.2,33.1
MARTINGALE CT,MARTINGALE_CT.html,79,1,0,0,0,78.6,35.8
FOX CREEK CT,FOX_CREEK_CT.html,85,1,0,0,0,83.5,35.9
CHANDLER CT,CHANDLER_CT.html,90,1,0,0,0,89.2,35.9
CAROLINE CT,CAROLINE_CT.html,89,1,0,0,0,88.4,35.8
CHASE CT,CHASE_CT.html,45,1,0,0,0,44.3,33.6
CHATEAU PL,CHATEAU_PL.html,78,1,0,0,0,77.0,35.4
HERMITAGE CT,HERMITAGE_CT.html,25,1,0,0,0,23.9,32.7
JADE PL,JADE_PL.html,102,1,0,0,0,101.3,36.8
JASMINE CT,JASMINE_CT.html,61,1,0,0,0,60.5,34.7
JEANNIE CT,JEANNIE_CT.html,47,1,0,0,0,45.5,34.0
GALAXY CT,GALAXY_CT.html,71,1,0,0,0,70.6,35.3
GALLOWAY CM,GALLOWAY_CM.html,274,1,0,0,0,311.2,45.1
LYRA CT,LYRA_CT.html,103,1,0,0,0,102.1,36.7
GATEWAY AV,GATEWAY_AV.html,271,1,1,0,1,270.3,51.3
GEMINI RD,GEMINI_RD.html,98,1,0,0,0,96.9,36.3
GIBRALTAR CM,GIBRALTAR_CM.html,155,1,0,0,0,150.2,39.7
AUTUMN LEAF CM,AUTUMN_LEAF_CM.html,43,1,0,0,0,41.9,33.5
AVA ST,AVA_ST.html,63,1,0,0,0,61.5,34.6
GANESHA CM,GANESHA_CM.html,80,1,0,0,0,79.2,35.7
SALEM CT,SALEM_CT.html,45,1,0,0,0,44.3,33.8
SALISBURY CT,SALISBURY_CT.html,64,1,0,0,0,63.1,34.9
CANTON AV,CANTON_AV.html,316,1,0,0,0,314.5,46.3
SAYBROOK RD,SAYBROOK_RD.html,314,1,0,0,0,312.3,46.6
SB FIRST OFF I580 WB,SB_FIRST_OFF_I580_WB.html,434,1,0,0,0,433.3,53.0
SB ISABEL ON I580 EB,SB_ISABEL_ON_I580_EB.html,716,1,1,0,1,715.3,72.4
SCHERMAN CT,SCHERMAN_CT.html,67,1,0,0,0,66.3,35.0
CALLE DEL SOL,CALLE_DEL_SOL.html,78,1,0,0,0,76.9,35.6
CAMBRIDGE WY,CAMBRIDGE_WY.html,191,1,0,0,0,188.8,40.6
GARDEN CM,GARDEN_CM.html,364,1,1,0,1,363.2,55.7
GARNET DR,GARNET_DR.html,354,1,0,0,0,351.7,48.9
BACCHUS CM,BACCHUS_CM.html,85,1,0,0,0,81.9,36.0
TURNSTONE DR,TURNSTONE_DR.html,569,1,0,0,0,563.9,57.9
VALLEY OF THE MOON PL,VALLEY_OF_THE_MOON_PL.html,110,1,0,0,0,108.9,37.3
YOSEMITE PL,YOSEMITE_PL.html,50,1,0,0,0,48.8,34.2
YUKON PL,YUKON_PL.html,63,1,0,0,0,62.1,34.8
ALVISO PL,ALVISO_PL.html,128,1,0,0,0,127.3,38.0
ALBERTA WY,ALBERTA_WY.html,86,1,0,0,0,85.3,35.5
WIMBLEDON LN,WIMBLEDON_LN.html,344,1,0,0,0,342.3,49.3
ABRUSCO CM,ABRUSCO_CM.html,232,1,1,0,1,229.9,49.4
ACCRA CT,ACCRA_CT.html,97,1,0,0,0,96.2,36.4
ALMANOR CT,ALMANOR_CT.html,110,1,0,0,0,108.5,36.8
ADORA CM,ADORA_CM.html,359,1,1,0,1,401.0,55.5
AGATE CT,AGATE_CT.html,30,1,0,0,0,29.0,32.7
AGATHA CT,AGATHA_CT.html,21,1,0,0,0,20.2,32.3
CARMEN AV,CARMEN_AV.html,192,1,0,0,0,191.1,41.0
SANDRA WY,SANDRA_WY.html,288,1,0,0,0,286.9,45.7
WILLOW CT,WILLOW_CT.html,35,0,0,0,0,33.5,22.7
A ST,A_ST.html,1467,0,1,0,1,1741.7,97.7
AARON ST,AARON_ST.html,139,0,0,0,0,138.5,27.9
ACACIA WY,ACACIA_WY.html,108,0,0,0,0,106.4,26.4
KALAPAKI CM,KALAPAKI_CM.html,72,0,0,0,0,69.7,24.8
JULIET CT,JULIET_CT.html,116,0,0,0,0,114.9,26.7
AMHERST WY,AMHERST_WY.html,234,0,0,0,0,233.8,32.1
AMBER CT,AMBER_CT.html,51,0,0,0,0,50.3,23.5
WESTGATE DR,WESTGATE_DR.html,1577,0,1,0,1,2038.6,101.8
WESTERN AV,WESTERN_AV.html,147,0,0,0,0,144.4,28.3
WESTBROOK PL,WESTBROOK_PL.html,29,0,0,0,0,27.6,22.4
WESTBROOK LN,WESTBROOK_LN.html,351,0,0,0,0,346.9,38.3
ARDMORE PL,ARDMORE_PL.html,74,0,0,0,0,73.1,24.6
KERN CT,KERN_CT.html,76,0,0,0,0,75.5,25.0
KATHY CT,KATHY_CT.html,134,0,0,0,0,132.3,27.9
HIGUERA CT,HIGUERA_CT.html,45,0,0,0,0,44.5,23.4
HEIDI CT,HEIDI_CT.html,16,0,0,0,0,15.2,21.5
HEIDELBERG CT,HEIDELBERG_CT.html,30,0,0,0,0,29.0,22.6
HAZELWOOD CM,HAZELWOOD_CM.html,27,0,0,0,0,26.4,22.3
HAVASU CT,HAVASU_CT.html,69,0,0,0,0,67.6,24.5
COLGATE WY,COLGATE_WY.html,316,0,0,0,0,314.5,36.1
CALAIS CT,CALAIS_CT.html,43,0,0,0,0,42.0,23.2
SHAWNEE RD,SHAWNEE_RD.html,154,0,0,0,0,153.1,28.5
SERENIDAD ST,SERENIDAD_ST.html,114,0,0,0,0,111.4,26.6
SEMINOLE DR,SEMINOLE_DR.html,288,0,0,0,0,287.7,34.3
ROSEWOOD CT,ROSEWOOD_CT.html,31,0,0,0,0,30.4,22.6
CLAREMONT WY,CLAREMONT_WY.html,156,0,0,0,0,154.5,28.4
ROXANNE CT,ROXANNE_CT.html,56,0,0,0,0,55.0,24.0
CHEROKEE DR,CHEROKEE_DR.html,288,0,0,0,0,287.7,34.3
CHECKERBLOOM CM,CHECKERBLOOM_CM.html,188,0,0,0,0,182.9,30.5
CARRARA CT,CARRARA_CT.html,44,0,0,0,0,42.7,23.2
S PORTAL DR,S_PORTAL_DR.html,1069,0,0,0,0,1066.0,73.5
S OUTER LOOP,S_OUTER_LOOP.html,1291,0,0,0,0,1334.0,82.4
S OAK ST,S_OAK_ST.html,110,0,0,0,0,109.0,26.7
S INNER LOOP,S_INNER_LOOP.html,669,0,1,0,1,693.5,59.4
CHALMETTE CT,CHALMETTE_CT.html,25,0,0,0,0,24.4,22.1
CLEO CT,CLEO_CT.html,57,0,0,0,0,56.2,23.9
CLARKE AV,CLARKE_AV.html,300,0,0,0,0,298.7,35.6
RICE ST,RICE_ST.html,42,0,0,0,0,40.8,23.1
REGENT PL,REGENT_PL.html,74,0,0,0,0,73.5,24.8
BUCKNELL CT,BUCKNELL_CT.html,63,0,0,0,0,62.1,24.1
BRUTUS CM,BRUTUS_CM.html,65,0,0,0,0,64.3,24.4
SIERRA CT,SIERRA_CT.html,44,0,0,0,0,43.2,23.4
SHIRE CT,SHIRE_CT.html,66,0,0,0,0,65.3,24.4
SHIRAZ CM,SHIRAZ_CM.html,151,0,0,0,0,150.3,28.8
SHERRY WY,SHERRY_WY.html,433,0,0,0,0,430.3,41.8
CALL OF THE WILD WY,CALL_OF_THE_WILD_WY.html,171,0,0,0,0,169.8,29.6
CHRIS CM,CHRIS_CM.html,113,0,0,0,0,111.4,26.6
CHESTNUT CM,CHESTNUT_CM.html,34,0,0,0,0,32.9,22.6
ROBERTSON PARK CT,ROBERTSON_PARK_CT.html,120,0,0,0,0,119.0,27.1
ROBERT WY,ROBERT_WY.html,162,0,0,0,0,160.1,29.2
ROAN CT,ROAN_CT.html,60,0,0,0,0,59.1,24.1
CORTEZ CT,CORTEZ_CT.html,44,0,0,0,0,42.7,23.1
CORTESE CM,CORTESE_CM.html,57,0,0,0,0,55.7,23.9
CORTE REINA CM,CORTE_REINA_CM.html,55,0,0,0,0,53.7,23.7
CABRILLO AV,CABRILLO_AV.html,262,0,0,0,0,261.9,33.4
C ST,C_ST.html,864,0,1,0,1,855.7,68.7
BUTTERCUP CT,BUTTERCUP_CT.html,106,0,0,0,0,105.5,26.4
BUTTE CT,BUTTE_CT.html,55,0,0,0,0,53.4,23.8
BURGUNDY WY,BURGUNDY_WY.html,96,0,0,0,0,95.0,25.9
REDBUD DR,REDBUD_DR.html,80,0,0,0,0,78.7,25.1
RAYMOND RD,RAYMOND_RD.html,7,0,0,0,0,5.9,21.0
RAINIER AV,RAINIER_AV.html,289,0,0,0,0,286.4,34.5
CORNELL WY,CORNELL_WY.html,234,0,0,0,0,233.8,32.2
COLUMBUS AV,COLUMBUS_AV.html,320,0,0,0,0,316.9,36.4
COFFEEBERRY CM,COFFEEBERRY_CM.html,69,0,0,0,0,68.5,24.5
CLYDESDALE DR,CLYDESDALE_DR.html,43,0,0,0,0,42.4,23.0
CLOUD CM,CLOUD_CM.html,72,0,0,0,0,71.3,24.7
DEL MAR AV,DEL_MAR_AV.html,303,0,0,0,0,301.4,35.8
DE VACA WY,DE_VACA_WY.html,329,0,0,0,0,327.6,36.5
BRISTOL CT,BRISTOL_CT.html,40,0,0,0,0,38.7,22.9
SOUTHGATE DR,SOUTHGATE_DR.html,651,0,0,0,0,642.4,51.6
SOUTH MALL,SOUTH_MALL.html,487,0,0,0,0,484.6,43.9
COVINGTON WY,COVINGTON_WY.html,240,0,0,0,0,238.8,32.6
PLAZA AV,PLAZA_AV.html,80,0,0,0,0,79.2,25.1
PISMO CT,PISMO_CT.html,58,0,0,0,0,56.7,23.9
PISCES AV,PISCES_AV.html,111,0,0,0,0,109.4,26.5
PINEHURST CT,PINEHURST_CT.html,31,0,0,0,0,30.2,22.5
PILLSBURY CT,PILLSBURY_CT.html,77,0,0,0,0,75.7,25.3
POLK WY,POLK_WY.html,108,0,0,0,0,106.5,26.6
POIPU CM,POIPU_CM.html,63,0,0,0,0,60.4,24.3
PLUMAS CT,PLUMAS_CT.html,56,0,0,0,0,54.8,24.0
PLUM TREE ST,PLUM_TREE_ST.html,143,0,0,0,0,142.2,28.4
CORTLAND WY,CORTLAND_WY.html,82,0,0,0,0,81.1,25.2
STANFORD CT,STANFORD_CT.html,53,0,0,0,0,51.7,23.7
BRUSHY PEAK CT,BRUSHY_PEAK_CT.html,30,0,0,0,0,29.4,22.3
PATRICIA LN,PATRICIA_LN.html,124,0,0,0,0,123.2,27.3
PARDEE PL,PARDEE_PL.html,59,0,0,0,0,57.9,24.1
PAMELA CM,PAMELA_CM.html,197,0,0,0,0,195.0,30.9
OXFORD PL,OXFORD_PL.html,59,0,0,0,0,57.3,24.3
DESCONSADO AV,DESCONSADO_AV.html,213,0,0,0,0,212.3,31.7
DE PAUL WY,DE_PAUL_WY.html,126,0,0,0,0,125.2,27.2
DE LEON WY,DE_LEON_WY.html,592,0,0,0,0,587.3,49.3
DE CAEN CT,DE_CAEN_CT.html,78,0,0,0,0,77.0,25.0
DATE PALM WY,DATE_PALM_WY.html,152,0,1,0,1,149.4,35.1
PELICAN CT,PELICAN_CT.html,67,0,0,0,0,66.0,24.5
PEGAN CM,PEGAN_CM.html,176,0,0,0,0,174.3,29.8
PECAN TREE WY,PECAN_TREE_WY.html,145,0,0,0,0,141.1,28.3
PEARY CT,PEARY_CT.html,87,0,0,0,0,86.0,25.5
CURRANT CM,CURRANT_CM.html,79,0,0,0,0,78.3,24.9
DONNER AV,DONNER_AV.html,224,0,0,0,0,222.9,31.7
DOLCETTO CM,DOLCETTO_CM.html,509,0,0,0,0,502.5,45.3
DOGWOOD DR,DOGWOOD_DR.html,82,0,0,0,0,81.7,25.1
DICKENSON DR,DICKENSON_DR.html,61,0,0,0,0,59.5,24.3
OLYMPIC WY,OLYMPIC_WY.html,83,0,0,0,0,82.6,25.4
ECHO ST,ECHO_ST.html,80,0,0,0,0,79.2,24.9
BREEZE WY,BREEZE_WY.html,105,0,0,0,0,104.7,26.0
BRADFORD WY,BRADFORD_WY.html,97,0,0,0,0,96.5,26.1
BOXWOOD CT,BOXWOOD_CT.html,52,0,0,0,0,50.4,23.5
BOWER CT,BOWER_CT.html,96,0,0,0,0,95.1,25.7
STEALTH CT,STEALTH_CT.html,61,0,0,0,0,59.6,24.1
DELIA WY,DELIA_WY.html,203,0,0,0,0,202.3,30.9
DELAWARE CT,DELAWARE_CT.html,22,0,0,0,0,21.4,21.9
ORCHID PL,ORCHID_PL.html,22,0,0,0,0,20.9,22.0
ORA AV,ORA_AV.html,255,0,0,0,0,251.9,33.5
OPAL WY,OPAL_WY.html,82,0,0,0,0,81.4,25.2
DUKE CT,DUKE_CT.html,64,0,0,0,0,62.9,24.3
NOTRE DAME CT,NOTRE_DAME_CT.html,131,0,0,0,0,129.6,27.5
NORWOOD PL,NORWOOD_PL.html,36,0,0,0,0,35.0,22.9
NORTHFRONT ON I580 WB,NORTHFRONT_ON_I580_WB.html,317,0,0,0,0,315.8,36.8
NORTHFRONT OFF I580 WB,NORTHFRONT_OFF_I580_WB.html,341,0,1,0,1,340.3,45.1
NISSEN DR,NISSEN_DR.html,345,0,0,0,0,342.2,37.9
NINTH ST,NINTH_ST.html,455,0,0,0,0,2548.3,43.6
BLUEBIRD AV,BLUEBIRD_AV.html,198,0,0,0,0,196.3,30.5
BLUEBELL CT,BLUEBELL_CT.html,45,0,0,0,0,44.2,23.2
BETTY CI,BETTY_CI.html,327,0,0,0,0,326.3,36.9
SUNGOLD CI,SUNGOLD_CI.html,206,0,1,0,1,204.8,37.9
SUNDIAL CI,SUNDIAL_CI.html,390,0,1,0,1,386.5,46.7
SUNDANCE DR,SUNDANCE_DR.html,347,0,0,0,0,345.4,38.0
STRATUS CM,STRATUS_CM.html,72,0,0,0,0,71.1,24.8
DRAKE CT,DRAKE_CT.html,35,0,0,0,0,34.2,22.6
DOROTHY CM,DOROTHY_CM.html,90,0,0,0,0,88.8,25.6
BERKELY PL,BERKELY_PL.html,80,0,0,0,0,79.2,24.9
SYDNEY AV,SYDNEY_AV.html,61,0,0,0,0,60.3,24.1
SYCAMORE CT,SYCAMORE_CT.html,57,0,0,0,0,55.9,24.1
SWEET BRIAR CM,SWEET_BRIAR_CM.html,27,0,0,0,0,25.5,22.3
SWALLOW CT,SWALLOW_CT.html,89,0,0,0,0,88.7,25.8
SUNSTREAM LN,SUNSTREAM_LN.html,127,0,0,0,0,125.1,27.6
SUNRISE DR,SUNRISE_DR.html,179,0,1,0,1,174.7,36.6
SUNRIDGE DR,SUNRIDGE_DR.html,111,0,0,0,0,109.9,26.7
NIMBUS CM,NIMBUS_CM.html,72,0,0,0,0,71.2,24.8
NIGHTINGALE CT,NIGHTINGALE_CT.html,48,0,0,0,0,46.9,23.5
NICOL CM,NICOL_CM.html,302,0,1,0,1,299.6,42.5
NICE CT,NICE_CT.html,47,0,0,0,0,45.6,23.4
EAST GATE DR,EAST_GATE_DR.html,583,0,1,0,1,746.7,55.5
EARHART WY,EARHART_WY.html,281,0,0,0,0,280.4,34.4
EAGLE CT,EAGLE_CT.html,23,0,0,0,0,22.4,21.9
DUNSMUIR PL,DUNSMUIR_PL.html,69,0,0,0,0,67.4,24.5
MURPHY ST,MURPHY_ST.html,77,0,0,0,0,76.4,25.1
EVELYN WY,EVELYN_WY.html,267,0,0,0,0,265.6,34.1
ESCONDIDO CT,ESCONDIDO_CT.html,34,0,0,0,0,33.5,22.7
EPSON ST,EPSON_ST.html,57,0,0,0,0,55.4,24.0
BAYWOOD CM,BAYWOOD_CM.html,34,0,0,0,0,32.7,22.5
TECHNOLOGY DR,TECHNOLOGY_DR.html,259,0,1,0,1,257.9,40.5
TEAL CT,TEAL_CT.html,73,0,0,0,0,72.1,24.8
TARRANGO ST,TARRANGO_ST.html,53,0,0,0,0,51.6,23.8
BETHAL PL,BETHAL_PL.html,76,0,0,0,0,75.0,24.9
NB ISABEL ON I580 EB,NB_ISABEL_ON_I580_EB.html,520,0,1,0,1,519.5,53.4
NAPLES WY,NAPLES_WY.html,194,0,0,0,0,192.0,30.7
NAPLES CT,NAPLES_CT.html,49,0,0,0,0,47.8,23.5
NANCY ST,NANCY_ST.html,52,0,0,0,0,51.2,23.8
N S ST,N_S_ST.html,173,0,0,0,0,200.9,29.6
N OUTER LOOP,N_OUTER_LOOP.html,1977,0,2,0,2,2066.6,121.0
EMORY WY,EMORY_WY.html,195,0,0,0,0,194.3,30.5
BARBER ST,BARBER_ST.html,189,0,0,0,0,187.8,29.8
BANYON CM,BANYON_CM.html,41,0,0,0,0,40.3,22.9
BAFFIN WY,BAFFIN_WY.html,82,0,0,0,0,81.1,25.0
THUNDERBIRD LN,THUNDERBIRD_LN.html,1220,0,2,0,2,1241.4,85.6
TERRA BELLA CT,TERRA_BELLA_CT.html,160,0,0,0,0,158.7,29.1
TENTH ST,TENTH_ST.html,567,0,3,0,3,2799.4,55.5
BELL AV,BELL_AV.html,356,0,0,0,0,354.3,38.0
FIRENZA ST,FIRENZA_ST.html,256,0,0,0,0,252.9,33.1
FELICIA CT,FELICIA_CT.html,22,0,0,0,0,21.3,22.0
FARMINGTON PL,FARMINGTON_PL.html,62,0,0,0,0,60.8,24.4
MULQUEENEY CM,MULQUEENEY_CM.html,238,0,0,0,0,237.0,32.6
MORGAN CM,MORGAN_CM.html,318,0,0,0,0,317.6,36.5
ELIZABETH CT,ELIZABETH_CT.html,50,0,0,0,0,48.7,23.7
ELEVENTH ST,ELEVENTH_ST.html,221,0,0,0,0,219.4,31.9
N INNER LOOP,N_INNER_LOOP.html,866,0,0,0,0,951.8,62.7
N GREENVILLE RD ,N_GREENVILLE_RD__1.html,33,0,0,0,0,32.4,22.6
FLINT ST,FLINT_ST.html,88,0,0,0,0,86.4,25.6
FLICKER CT,FLICKER_CT.html,25,0,0,0,0,23.5,22.1
FLANDERS WY,FLANDERS_WY.html,204,0,0,0,0,202.9,31.1
TOULON CT,TOULON_CT.html,47,0,0,0,0,45.6,23.4
TOKAY CM,TOKAY_CM.html,125,0,0,0,0,123.9,27.3
TOIYABE CT,TOIYABE_CT.html,39,0,0,0,0,38.1,23.0
TOBRUK CT,TOBRUK_CT.html,38,0,0,0,0,36.6,23.0
TIOGA PASS CT,TIOGA_PASS_CT.html,120,0,0,0,0,119.5,27.0
FINCH WY,FINCH_WY.html,82,0,0,0,0,81.1,25.2
FIG CM,FIG_CM.html,117,0,0,0,0,113.9,27.1
FESCUE CM,FESCUE_CM.html,72,0,0,0,0,70.9,24.6
MIRALOMA CT,MIRALOMA_CT.html,71,0,0,0,0,70.4,24.7
MILLS WY,MILLS_WY.html,149,0,0,0,0,148.1,28.4
MICHELL CT,MICHELL_CT.html,53,0,0,0,0,51.8,23.8
FOREST LN,FOREST_LN.html,77,0,0,0,0,75.5,24.8
FORDHAM CT,FORDHAM_CT.html,30,0,0,0,0,28.9,22.5
AVENUE T,AVENUE_T.html,101,0,0,0,0,100.0,26.1
AVENUE N,AVENUE_N.html,329,0,0,0,0,328.7,37.1
AVENUE L,AVENUE_L.html,136,0,0,0,0,135.4,27.9
AVENUE K,AVENUE_K.html,411,0,0,0,0,409.9,41.3
AVENUE J,AVENUE_J.html,291,0,0,0,0,288.8,35.5
AVENUE H,AVENUE_H.html,574,0,0,0,0,569.7,48.6
AVENUE G,AVENUE_G.html,226,0,0,0,0,224.1,32.0
AVENUE F,AVENUE_F.html,207,0,0,0,0,205.9,31.2
AVENUE D,AVENUE_D.html,73,0,0,0,0,71.3,24.5
TURNSTONE CT,TURNSTONE_CT.html,25,0,0,0,0,23.5,22.2
TULIP CT,TULIP_CT.html,38,0,0,0,0,36.7,22.9
TULANE CT,TULANE_CT.html,63,0,0,0,0,62.1,24.2
TROY ST,TROY_ST.html,54,0,0,0,0,53.0,23.7
TROUN WY,TROUN_WY.html,101,0,0,0,0,99.8,26.5
FREESIA CM,FREESIA_CM.html,140,0,0,0,0,138.6,28.1
FOLSOM CT,FOLSOM_CT.html,76,0,0,0,0,75.3,24.9
TYLER AV,TYLER_AV.html,251,0,0,0,0,249.7,33.7
B ST,B_ST.html,154,0,0,0,0,152.3,28.5
AZALEA CT,AZALEA_CT.html,37,0,0,0,0,35.7,22.8
AVON PL,AVON_PL.html,31,0,0,0,0,30.2,22.4
MALIBU CT,MALIBU_CT.html,31,0,0,0,0,30.2,22.5
MALBEC CM,MALBEC_CM.html,35,0,0,0,0,34.1,22.8
MADRONE WY,MADRONE_WY.html,345,0,0,0,0,343.5,37.9
GLACIER PL,GLACIER_PL.html,48,0,0,0,0,46.9,23.4
GLACIER DR,GLACIER_DR.html,240,0,0,0,0,238.7,32.8
MARSEILLE AV,MARSEILLE_AV.html,227,0,0,0,0,224.1,32.0
MARS RD,MARS_RD.html,403,0,0,0,0,399.5,40.3
MARS CT,MARS_CT.html,70,0,0,0,0,69.1,24.7
MARIE CM,MARIE_CM.html,249,0,0,0,0,247.7,33.4
MARICOPA CT,MARICOPA_CT.html,31,0,0,0,0,30.2,22.5
MARGUERITE ST,MARGUERITE_ST.html,139,0,0,0,0,137.9,28.1
MARENGO CM,MARENGO_CM.html,441,0,1,0,1,439.8,49.1
LORRAINE RD,LORRAINE_RD.html,798,0,0,0,0,795.2,57.7
LOMITAS CT,LOMITAS_CT.html,32,0,0,0,0,31.4,22.7
GRACE CT,GRACE_CT.html,44,0,0,0,0,42.8,23.3
VIA AMIGOS,VIA_AMIGOS.html,69,0,0,0,0,68.2,24.6
VERN AV,VERN_AV.html,80,0,0,0,0,79.2,25.2
VENTURA CT,VENTURA_CT.html,55,0,0,0,0,53.5,23.8
VASCO ON OFF WB,VASCO_ON_OFF_WB.html,55,0,0,0,0,53.7,23.9
AVENUE C,AVENUE_C.html,102,0,0,0,0,100.6,26.0
AVENUE B,AVENUE_B.html,1450,0,0,0,0,1439.7,87.9
AVENUE A,AVENUE_A.html,647,0,0,0,0,642.5,52.0
AVALON WY,AVALON_WY.html,347,0,0,0,0,346.9,37.8
GERMAINE WY,GERMAINE_WY.html,228,0,0,0,0,227.4,32.5
GENOA ST,GENOA_ST.html,363,0,0,0,0,359.0,39.3
GENOA CT,GENOA_CT.html,68,0,0,0,0,67.0,24.6
GENEVE CT,GENEVE_CT.html,47,0,0,0,0,45.6,23.4
MACGREGOR CM,MACGREGOR_CM.html,156,0,0,0,0,154.6,29.2
VIA MONTALVO,VIA_MONTALVO.html,127,0,0,0,0,123.6,27.6
VIA MATEO,VIA_MATEO.html,172,0,0,0,0,168.0,29.8
VIA MADRID,VIA_MADRID.html,294,0,0,0,0,293.2,35.1
VIA DESTE,VIA_DESTE.html,180,0,0,0,0,178.4,30.1
VIA DEL PAZ,VIA_DEL_PAZ.html,113,0,0,0,0,111.8,26.8
VIA CRISTOBAL,VIA_CRISTOBAL.html,121,0,0,0,0,119.5,27.2
LIMESTONE CM,LIMESTONE_CM.html,23,0,0,0,0,22.4,22.0
LILLIAN CT,LILLIAN_CT.html,120,0,0,0,0,118.7,27.0
LIDO CT,LIDO_CT.html,49,0,0,0,0,47.7,23.6
LESLIE CM,LESLIE_CM.html,109,0,0,0,0,107.4,26.6
GONZAGA CT,GONZAGA_CT.html,131,0,0,0,0,129.6,27.4
GLENN CM,GLENN_CM.html,491,0,1,0,1,620.1,51.4
GLADYS CT,GLADYS_CT.html,150,0,0,0,0,149.4,28.4
LLOYD CT,LLOYD_CT.html,33,0,0,0,0,31.8,22.7
LYON CT,LYON_CT.html,47,0,0,0,0,45.6,23.4
LYNN ST,LYNN_ST.html,247,0,0,0,0,245.5,33.0
HARVARD WY,HARVARD_WY.html,298,0,0,0,0,297.9,35.2
ATHENA CM,ATHENA_CM.html,65,0,0,0,0,64.4,24.4
ASPENWOOD WY,ASPENWOOD_WY.html,213,0,0,0,0,212.4,31.2
ARMIDA CT,ARMIDA_CT.html,41,0,0,0,0,40.2,23.0
W PERIMETER DR,W_PERIMETER_DR.html,1257,0,0,0,0,1251.6,79.8
W INNER LOOP,W_INNER_LOOP.html,722,0,1,0,1,717.3,61.9
W FIFTH ST,W_FIFTH_ST.html,310,0,0,0,0,309.5,36.0
VISTA ST,VISTA_ST.html,194,0,1,0,1,191.4,37.0
VISTA CT,VISTA_CT.html,35,0,0,0,0,33.5,22.7
VIRGINIA DR,VIRGINIA_DR.html,418,0,0,0,0,416.5,40.8
VINTNER PL,VINTNER_PL.html,96,0,0,0,0,94.3,25.8
GULL WY,GULL_WY.html,82,0,0,0,0,81.1,25.3
GRIFFIN CM,GRIFFIN_CM.html,159,0,1,0,1,158.2,35.7
GREENWOOD CM,GREENWOOD_CM.html,33,0,0,0,0,32.2,22.7
LE MANS CT,LE_MANS_CT.html,47,0,0,0,0,45.6,23.4
LAVENDER CM,LAVENDER_CM.html,71,0,0,0,0,70.4,24.6
KLAMATH CT,KLAMATH_CT.html,52,0,0,0,0,50.9,23.8
KISA CT,KISA_CT.html,72,0,0,0,0,70.8,24.8
KINGSPORT AV,KINGSPORT_AV.html,276,0,0,0,0,273.3,34.6
KINGSBURY DR,KINGSBURY_DR.html,127,0,0,0,0,125.9,27.5
ARBOR CT,ARBOR_CT.html,96,0,0,0,0,95.1,25.7
AQUARIUS ST,AQUARIUS_ST.html,173,0,0,0,0,171.0,29.3
APRICOT ST,APRICOT_ST.html,137,0,0,0,0,135.7,27.9
APACHE ST,APACHE_ST.html,279,0,0,0,0,277.1,34.1
WEDGEWOOD CT,WEDGEWOOD_CT.html,57,0,0,0,0,56.3,24.1
WARSAW AV,WARSAW_AV.html,493,0,0,0,0,491.8,45.6
WALL CT,WALL_CT.html,85,0,0,0,0,84.0,25.5
ATHENS RD,ATHENS_RD.html,82,0,0,0,0,81.1,25.0
LAGUNA CT,LAGUNA_CT.html,84,0,0,0,0,83.5,25.3
LAURIE CM,LAURIE_CM.html,154,0,0,0,0,150.4,28.8
LARIAT CT,LARIAT_CT.html,77,0,0,0,0,75.4,25.0
LARCH LN,LARCH_LN.html,45,0,0,0,0,43.6,23.4
ADELLE ST,ADELLE_ST.html,448,0,0,0,0,444.3,41.9
ANITA CT,ANITA_CT.html,66,0,0,0,0,65.5,24.4
ANGELICA WY,ANGELICA_WY.html,180,0,0,0,0,178.5,29.3
ANDREWS ST,ANDREWS_ST.html,412,0,0,0,0,409.0,39.9
IRENE WY,IRENE_WY.html,380,0,0,0,0,376.2,39.5
HORSESHOE CT,HORSESHOE_CT.html,95,0,0,0,0,94.0,25.9
HOLLADAY CT,HOLLADAY_CT.html,105,0,0,0,0,164.8,26.5
HOGAN PL,HOGAN_PL.html,60,0,0,0,0,59.4,24.3
HILLIKER PL,HILLIKER_PL.html,344,0,0,0,0,342.4,38.7
JACKSON AV,JACKSON_AV.html,353,0,0,0,0,348.0,37.8
JANIS CT,JANIS_CT.html,61,0,0,0,0,60.2,24.2
JAMES ST,JAMES_ST.html,411,0,0,0,0,408.7,40.0
HOLMES CT,HOLMES_CT.html,57,0,0,0,0,56.1,24.0
HOLLINGBURY CM,HOLLINGBURY_CM.html,33,0,0,0,0,32.5,22.7
HEMLOCK CT,HEMLOCK_CT.html,103,0,0,0,0,102.7,26.2
HELSINKI CT,HELSINKI_CT.html,23,0,0,0,0,22.2,22.1
CENTAURUS ST,CENTAURUS_ST.html,82,0,0,0,0,81.1,25.0
CAMEO CT,CAMEO_CT.html,53,0,0,0,0,52.1,23.7
CAMBRIDGE CT,CAMBRIDGE_CT.html,31,0,0,0,0,30.5,22.3
CALVARY LN,CALVARY_LN.html,11,0,0,0,0,10.4,21.1
CALLAGHAN ST,CALLAGHAN_ST.html,160,0,0,0,0,158.5,28.8
SALT POND CM,SALT_POND_CM.html,40,0,0,0,0,39.0,23.1
CASSIOPIA ST,CASSIOPIA_ST.html,42,0,0,0,0,41.1,23.0
SANDIA DR,SANDIA_DR.html,1691,0,2,0,2,1685.5,109.3
CARLYLE ST,CARLYLE_ST.html,93,0,0,0,0,91.4,25.6
YALE WY,YALE_WY.html,605,0,0,0,0,604.4,49.1
XAVIER CT,XAVIER_CT.html,78,0,0,0,0,77.0,24.9
ALEXANDER ST,ALEXANDER_ST.html,298,0,0,0,0,296.1,34.5
ALVARADO CT,ALVARADO_CT.html,98,0,0,0,0,97.5,25.8
ALMOND CI,ALMOND_CI.html,427,0,0,0,0,426.5,41.5
ALMENDRA CM,ALMENDRA_CM.html,188,0,0,0,0,183.6,29.9
YOLO WY,YOLO_WY.html,241,0,0,0,0,240.7,33.0
